#,Keyword,Country,Difficulty,Volume,CPC,CPS,Parent Keyword,Last Update,SERP Features,Global volume,Traffic potential,Global traffic potential,First seen,Mobile,Desktop,Growth (3mo),Growth (6mo),Growth (12mo),Global Growth (3mo),Global Growth (6mo),Global Growth (12mo),Growth forecast (12mo),Intents
1,carte marine,fr,9,2300,0.30,1.03,carte marine,2025-10-15 20:03:28,"Thumbnail,Knowledge panel,People also ask",2800,1300,1300,2015-09-01,0.48,0.52,-1.09,-2.15,-4.15,-1.39,-2.72,-5.24,-4.04,"Informational,Non-branded,Non-local"
2,carte marine (shom gratuite),fr,1,500,,,data shom,2025-10-05 05:41:05,"Sitelinks,People also ask",500,2200,2200,2021-04-05,0.78,0.22,5.18,11.22,26.99,5.18,11.22,26.99,,"Informational,Branded,Non-local"
3,carte marine gratuite,fr,13,500,0.25,1.55,carte marine,2025-10-08 01:44:24,"Thumbnail,Video preview,People also ask",600,2800,2800,2015-09-02,0.83,0.17,-4.74,-8.77,-15.53,-4.74,-8.77,-15.53,-21.02,"Informational,Non-branded,Non-local"
4,carte marine gratuite pdf,fr,0,450,1.30,,carte marine gratuite pdf,2025-10-01 04:41:29,"Thumbnail,People also ask",600,600,600,2017-12-05,,,2.43,4.9,10.59,2.43,4.9,10.59,-0.98,"Informational,Non-branded,Non-local"
5,carte marine pdf gratuit,fr,0,400,,,carte marine gratuite pdf,2025-10-10 09:53:33,Thumbnail,500,500,500,2016-05-08,0.8,0.2,3.62,7.7,17.45,3.62,7.7,17.45,-7.49,"Informational,Non-branded,Non-local"
6,carte marine en ligne,fr,32,400,0.40,1.51,carte marine,2025-10-14 03:16:31,"Sitelinks,Video preview",500,2700,2700,2015-09-02,0.55,0.45,1.15,2.4,5.08,1.15,2.4,5.08,-13.45,"Informational,Non-branded,Non-local"
7,télécharger carte marine gratuite,fr,0,300,0.20,1.15,télécharger carte marine gratuite,2025-09-27 21:28:20,People also ask,350,300,300,2015-09-26,0.81,0.19,2.32,4.76,10.23,2.32,4.76,10.23,32.7,"Informational,Non-branded,Non-local"
8,télécharger carte marine gratuite pdf,fr,0,300,,,carte marine gratuite pdf,2025-10-09 02:13:31,People also ask,300,600,600,2023-07-22,0.8,0.2,9.88,23.11,71.35,9.88,23.11,71.35,13.9,"Informational,Non-branded,Non-local"
9,carte marine méditerranée,fr,0,250,0.35,1.08,carte marine,2025-09-10 14:30:00,"Thumbnail,People also ask,Video preview",300,2900,2900,2015-09-06,0.63,0.37,-0.71,-1.46,-2.97,-0.71,-1.46,-2.97,-30.38,"Informational,Commercial,Non-branded,Non-local"
10,symbole carte marine pdf,fr,0,200,,,symbole carte marine pdf,2025-10-07 14:50:32,,250,250,250,2021-01-02,0.78,0.22,5.39,11.63,28.04,5.39,11.63,28.04,16.16,"Informational,Non-branded,Non-local"
11,ais marine traffic carte en temps réel,fr,4,200,,,trafic maritime en direct,2025-09-30 09:27:37,People also ask,250,5700,6400,2022-03-03,0.54,0.46,,,,,,,,"Informational,Navigational,Branded,Non-local"
12,carte submersion marine france 2050,fr,4,200,,,carte montée des eaux,2025-10-19 11:06:40,"People also ask,Video preview,Sitelinks",200,3400,3400,2020-08-24,,,,,,,,,,"Informational,Non-branded,Non-local"
13,télécharger carte marine navionics gratuite,fr,0,150,0.60,,télécharger carte marine navionics gratuite,2025-09-26 01:15:35,"Featured snippet,People also ask",200,90,90,2020-03-25,0.78,0.22,2.35,4.95,10.75,2.35,4.95,10.75,34.5,"Informational,Branded,Non-local"
14,marine meteo a la carte,fr,5,150,,0.68,marine vignes,2025-10-18 03:13:32,"People also ask,Thumbnail,Video preview",200,11000,11000,2015-10-23,0.96,0.04,,,,,,,,"Informational,Non-branded,Non-local"
15,carte marine manche,fr,0,150,0.30,1.2,carte marine manche,2025-10-04 01:14:28,"Thumbnail,People also ask",150,100,100,2015-09-01,0.63,0.37,0,0.62,1.06,0,0.62,1.06,3.06,"Informational,Commercial,Non-branded,Non-local"
16,carte marine corse,fr,0,150,0.30,1.42,carte marine,2025-10-13 02:58:58,"People also ask,Thumbnail,Sitelinks,Video preview",200,2800,2800,2015-09-01,0.67,0.33,-0.6,-1,-2.12,-0.6,-1,-2.12,-0.26,"Informational,Commercial,Non-branded,Local"
17,carte marine bretagne,fr,0,150,0.35,1.17,carte marine,2025-10-13 06:35:05,"People also ask,Thumbnail,Videos,Video preview",150,2800,2800,2015-09-01,0.66,0.34,-3.6,-6.03,-11.24,-3.6,-6.03,-11.24,-1.24,"Informational,Commercial,Non-branded,Local"
18,carte marine shom,fr,0,100,0.20,1.07,carte marine,2025-10-19 07:58:54,"Thumbnail,Sitelinks",150,1300,1300,2015-09-11,0.45,0.55,-8.89,-15.85,-25.38,-8.89,-15.85,-25.38,-0.16,"Informational,Commercial,Transactional,Branded,Non-local"
19,carte marine bretagne gratuite,fr,0,100,0.15,,,,,150,,,2015-09-08,0.73,0.27,,,,,,,,"Informational,Non-branded,Local"
20,carte marine marseille,fr,2,100,0.45,1.41,carte marine,2025-10-04 00:21:13,"Sitelinks,Knowledge panel,Thumbnail",150,2800,2800,2015-09-14,0.65,0.35,-3.73,-7.56,-13.58,-3.73,-7.56,-13.58,-12.22,"Informational,Non-branded,Local"
21,carte marine shom gratuite,fr,30,100,0.40,1.4,data shom,2025-09-15 18:27:40,"Top ads,Sitelinks,People also ask",150,2700,2700,2015-10-15,0.65,0.35,-2.91,-5.58,-10.75,-2.91,-5.58,-10.75,-11.45,"Informational,Branded,Non-local"
22,carte la ferme marine marseillan tarifs,fr,0,100,,,la ferme marine,2025-09-12 00:12:06,Sitelinks,100,3600,3600,2022-07-30,,,,,,,,,,"Informational,Branded,Local"
23,application carte marine gratuite,fr,0,100,,,application gps marine gratuit,2025-09-25 00:26:17,People also ask,100,600,600,2015-11-14,0.83,0.17,,,,,,,,"Informational,Non-branded,Non-local"
24,la ferme marine carte,fr,,100,,,,,,100,,,2023-08-29,0.93,0.07,,,,,,,,
25,carte réserve marine banyuls,fr,1,100,,,reserve marine cerbere,2025-09-16 14:34:07,"Thumbnail,Knowledge panel,Video preview,People also ask",100,250,250,2016-08-05,0.87,0.13,,,,,,,,"Informational,Non-branded,Local"
26,symbole carte marine,fr,1,100,,1.03,symbole carte marine,2025-10-11 13:06:58,Thumbnail,100,150,150,2015-11-05,0.59,0.41,,,,,,,,"Informational,Non-branded,Non-local"
27,carte marine rade de brest gratuite,fr,12,100,,,carte marine gratuite pdf,2025-09-17 22:18:45,Thumbnail,100,700,700,2015-11-09,0.61,0.39,,,,,,,,"Informational,Non-branded,Local"
28,carte marine noirmoutier,fr,0,90,0.20,1.5,carte marine noirmoutier,2025-10-10 06:24:35,"Knowledge panel,Thumbnail",100,40,40,2015-09-14,0.68,0.32,,,,,,,,"Informational,Commercial,Non-branded,Local"
29,carte marine méditerranée gratuite,fr,13,90,0.10,1.26,carte marine,2025-10-09 21:15:55,People also ask,100,2800,2800,2015-09-19,0.69,0.31,,,,,,,,"Informational,Non-branded,Non-local"
30,carte marine saint malo,fr,0,90,0.45,1.65,carte marine saint malo,2025-10-08 18:11:43,,100,70,70,2015-09-03,0.66,0.34,-1.14,-0.76,-1.86,-1.14,-0.76,-1.86,1.83,"Informational,Non-branded,Local"
31,carte marine gratuite android,fr,0,90,0.15,0.75,télécharger carte marine gratuite,2025-10-09 18:15:42,"People also ask,Video preview",100,300,300,2015-11-01,0.81,0.19,-3.61,-7.56,-13.36,-3.61,-7.56,-13.36,21.53,"Informational,Branded,Non-local"
32,shom carte marine,fr,0,90,0.15,1.12,data shom,2025-10-13 16:35:43,"Sitelinks,People also ask,Thumbnail,Video preview",100,2200,2200,2015-09-11,0.46,0.54,2.28,4.72,10.17,2.28,4.72,10.17,0,"Informational,Commercial,Transactional,Branded,Non-local"
33,carte marine manche gratuite,fr,27,90,,,carte marine,2025-10-20 12:57:05,"Thumbnail,Sitelinks",90,2800,2800,2015-09-29,0.67,0.33,,,,,,,,"Informational,Non-branded,Non-local"
34,carte marine golfe du morbihan,fr,0,90,0.20,1.33,carte marine golfe du morbihan,2025-10-10 16:29:46,,100,100,100,2015-09-07,0.62,0.38,-2.26,-4.79,-9.04,-2.26,-4.79,-9.04,1.91,"Informational,Non-branded,Local"
35,carte marine ancienne,fr,,90,0.20,0.62,,,,100,,,2015-09-01,0.53,0.47,-14.01,-23.36,-34.53,-14.01,-23.36,-34.53,-1.93,"Informational,Commercial,Transactional,Non-branded,Non-local"
36,carte meteo marine,fr,44,80,0.25,1.24,carte météo atlantique nord,2025-10-18 17:59:03,People also ask,150,100,100,2015-09-01,0.58,0.42,-37.5,-48,-54.85,-37.5,-48,-54.85,,"Informational,Non-branded,Non-local"
37,carte marine toulon,fr,0,80,,1.56,carte marine toulon,2025-10-02 00:29:50,Thumbnail,90,40,40,2015-09-02,0.57,0.43,,,,,,,,"Informational,Non-branded,Local"
38,carte marine bassin arcachon,fr,0,80,0.35,1.68,carte marine bassin d'arcachon gratuite,2025-10-10 08:18:37,Thumbnail,80,150,150,2015-09-02,0.66,0.34,-2.13,-3.73,-7.6,-2.13,-3.73,-7.6,-12.02,"Informational,Non-branded,Local"
39,carte marine ancienne originale,fr,,80,,,,,,90,,,2019-12-04,,,,,,,,,,
40,carte marine chausey,fr,,80,,1.52,,,,80,,,2015-09-02,0.67,0.33,,,,,,,,"Informational,Commercial,Non-branded,Non-local"
41,carte sous-marine 3d,fr,0,80,,,carte sous-marine 3d,2025-09-11 01:40:32,"Thumbnail,Video preview,Sitelinks",90,70,70,2020-05-02,0.71,0.29,,,,,,,,"Informational,Non-branded,Non-local"
42,carte marine lowrance gratuite,fr,0,80,,,carte marine lowrance gratuite,2025-09-13 05:44:13,"Video preview,People also ask",90,30,30,2017-08-02,0.77,0.23,,,,,,,,"Informational,Branded,Non-local"
43,qui habille marine météo à la carte,fr,0,80,,,qui habille marine météo à la carte,2025-09-10 22:45:09,"Thumbnail,People also ask,Sitelinks",80,30,30,2022-04-06,0.95,0.05,,,,,,,,"Informational,Branded,Non-local"
44,carte marine méditerranée pdf,fr,0,80,0.10,1.58,carte marine gratuite pdf,2025-10-11 04:39:43,"Thumbnail,People also ask",90,500,500,2015-12-03,0.78,0.22,,,,,,,,"Informational,Non-branded,Non-local"
45,carte marine la rochelle,fr,0,80,0.30,1.53,carte marine la rochelle,2025-10-08 01:19:16,"Thumbnail,People also ask",90,40,40,2015-09-01,0.61,0.39,-2,-4.58,-8.67,-2,-4.58,-8.67,-1.09,"Informational,Commercial,Non-branded,Local"
46,application carte marine,fr,0,70,,0.89,application gps marine gratuit,2025-09-25 15:06:33,"People also ask,Knowledge panel",80,600,600,2015-10-02,0.81,0.19,,,,,,,,"Informational,Non-branded,Non-local"
47,carte marine 8 lettres,fr,,70,,,,,,70,,,2017-10-12,,,,,,,,,,
48,tatouage carte marine,fr,0,70,,0.29,tatouage carte ancienne,2025-09-24 05:25:13,Thumbnail,80,20,20,2015-09-11,,,,,,,,,,"Informational,Non-branded,Non-local"
49,carte marine bassin d'arcachon gratuite,fr,0,70,,1.5,carte marine bassin d'arcachon gratuite,2025-10-06 13:34:44,"Thumbnail,Sitelinks",70,150,150,2016-01-21,0.71,0.29,,,,,,,,"Informational,Non-branded,Local"
50,carte marine ile de ré,fr,,70,0.15,1.27,,,,80,,,2015-09-13,0.69,0.31,,,,,,,,"Informational,Commercial,Non-branded,Local"
51,peinture sur carte marine,fr,0,70,,1.82,peinture sur carte marine,2025-10-03 22:01:30,"Thumbnail,Shopping,Sitelinks",70,40,40,2015-09-25,0.71,0.29,,,,,,,,"Informational,Commercial,Transactional,Non-branded,Non-local"
52,carte marine rade de brest,fr,0,70,,1.21,carte marine brest,2025-10-15 07:58:54,"People also ask,Thumbnail,Video preview",70,30,30,2015-09-03,0.62,0.38,,,,,,,,"Informational,Commercial,Non-branded,Local"
53,carte marine navionics,fr,0,70,0.15,1.09,carte navionics,2025-10-09 11:17:15,"Thumbnail,Sitelinks,People also ask,Shopping",100,450,450,2015-11-09,0.51,0.49,,,,,,,,"Informational,Commercial,Transactional,Branded,Non-local"
54,carte sémaphore marine nationale,fr,0,70,,,semaphore,2025-10-17 16:50:40,"Thumbnail,People also ask,Sitelinks",70,350,350,2020-04-18,0.76,0.24,,,,,,,,"Informational,Branded,Non-local"
55,carte marine garmin,fr,0,70,0.15,1.2,carte marine garmin,2025-10-16 14:21:03,"Thumbnail,People also ask",100,30,30,2015-09-01,0.57,0.43,,,,,,,,"Informational,Commercial,Branded,Non-local"
56,carte marine en ligne gratuite,fr,16,70,0.08,1.41,carte marine,2025-10-06 22:11:02,People also ask,80,2800,2800,2015-12-13,0.48,0.52,,,,,,,,"Informational,Non-branded,Non-local"
57,carte marine porquerolles,fr,0,60,,1.18,carte marine porquerolles,2025-09-13 07:14:02,Thumbnail,80,10,10,2015-09-10,0.56,0.44,,,,,,,,"Informational,Commercial,Non-branded,Local"
58,légende carte marine,fr,0,60,,1.42,légende carte marine,2025-09-25 11:08:28,"Thumbnail,People also ask",70,150,150,2015-09-02,0.63,0.37,-1.91,-4.6,-8.74,-1.91,-4.6,-8.74,5.94,"Informational,Non-branded,Non-local"
59,les roches douvres - carte marine,fr,,60,,,,,,60,,,2023-03-23,,,,,,,,,,
60,carte marine brest,fr,0,60,,1.38,carte marine brest,2025-10-06 04:41:27,Thumbnail,70,20,20,2015-09-27,0.57,0.43,,,,,,,,"Informational,Commercial,Non-branded,Local"
61,symbole carte marine (shom),fr,0,60,,,symbole carte marine (shom),2025-09-24 00:03:08,"Thumbnail,People also ask",70,90,90,2022-06-08,0.8,0.2,,,,,,,,"Informational,Branded,Non-local"
62,cartographie symbole carte marine,fr,0,60,,,symbole carte marine (shom),2025-09-30 10:48:07,"Thumbnail,People also ask",70,90,90,2021-04-13,,,,,,,,,,"Informational,Non-branded,Non-local"
63,carte marine morbihan,fr,0,60,0.15,1.58,carte marine morbihan,2025-09-30 04:52:51,"People also ask,Thumbnail",60,20,20,2015-09-04,0.64,0.36,,,,,,,,"Informational,Non-branded,Local"
64,comment lire une carte marine,fr,0,60,,1.45,comment lire une carte marine,2025-10-16 09:34:17,"People also ask,Video preview",60,50,50,2015-09-02,0.61,0.39,,,,,,,,"Informational,Non-branded,Non-local"
65,carte marine golfe de gascogne,fr,0,60,0.30,0.88,carte marine golfe de gascogne,2025-09-13 23:21:39,Thumbnail,70,10,10,2015-09-02,,,,,,,,,,"Informational,Commercial,Non-branded,Non-local"
66,carte marine baie de quiberon,fr,0,60,,1.76,carte marine baie de quiberon,2025-10-16 09:50:42,,60,10,10,2015-10-03,0.52,0.48,,,,,,,,"Informational,Commercial,Non-branded,Local"
67,carte submersion marine bretagne 2050,fr,4,60,,,carte montée des eaux,2025-10-05 09:14:02,"People also ask,Sitelinks",60,3900,4000,2021-12-26,0.93,0.07,,,,,,,,"Informational,Non-branded,Local"
68,carte marine 9999,fr,0,50,,1.71,carte 9999,2025-10-12 05:39:07,"Shopping,Thumbnail",60,100,100,2015-09-01,0.59,0.41,,,,,,,,"Informational,Commercial,Transactional,Branded,Non-local"
69,carte marine ancienne bretagne,fr,,50,,1.41,,,,50,,,2015-11-04,,,,,,,,,,
70,lire une carte marine,fr,0,50,0.30,1.29,comment lire une carte marine,2025-10-11 20:10:02,"People also ask,Video preview",60,60,60,2015-09-07,0.54,0.46,-35.29,-44,-53.29,-35.29,-44,-53.29,,"Informational,Non-branded,Non-local"
71,legende carte marine,fr,0,50,4.00,1.29,symbole carte marine,2025-10-19 08:12:50,Thumbnail,60,150,150,2015-09-07,0.52,0.48,-4,-7.89,-13.83,-4,-7.89,-13.83,-3.37,"Informational,Non-branded,Non-local"
72,carte marine baie de saint brieuc,fr,0,50,0.15,1.47,carte marine baie de saint brieuc,2025-09-12 18:45:41,"Thumbnail,Video preview",50,20,20,2015-09-27,,,,,,,,,,"Informational,Non-branded,Local"
73,carte marine 7066,fr,,50,,1.07,,,,60,,,2015-10-11,,,,,,,,,,"Informational,Commercial,Transactional,Branded,Non-local"
74,lecture carte marine,fr,,50,,1.4,,,,50,,,2015-09-09,0.57,0.43,,,,,,,,"Informational,Non-branded,Non-local"
75,carte marine quiberon,fr,0,50,0.15,1.01,carte marine baie de quiberon,2025-10-19 08:12:21,"Thumbnail,People also ask,Bottom ads,Paid sitelinks,Knowledge panel",60,10,10,2015-09-03,0.67,0.33,,,,,,,,"Informational,Commercial,Non-branded,Local"
76,carte marine guadeloupe,fr,,50,,2.05,,,,100,,,2016-03-19,,,,,,-20,-30,-41.38,,"Informational,Commercial,Non-branded,Local"
77,carte marine golfe morbihan gratuite,fr,,50,,,,,,50,,,2016-08-25,0.72,0.28,,,,,,,,
78,vieille carte marine,fr,,50,,0.52,,,,70,,,2015-09-07,,,,,,,,,,"Informational,Commercial,Transactional,Non-branded,Non-local"
79,data shom carte marine,fr,,50,,,,,,50,,,2017-08-25,0.68,0.32,,,,,,,,
80,carte marine noirmoutier gratuite,fr,12,50,,1.7,carte marine,2025-09-18 10:47:02,"Thumbnail,People also ask",50,2800,2800,2015-11-02,0.72,0.28,,,,,,,,"Informational,Non-branded,Local"
81,carte marine lorient,fr,0,50,0.20,1.37,carte marine lorient,2025-10-04 13:15:18,,50,10,10,2015-09-06,0.57,0.43,-2.17,-3.53,-6.4,-2.17,-3.53,-6.4,-6.36,"Informational,Commercial,Non-branded,Local"
82,lire carte marine,fr,,50,,1.4,,,,60,,,2015-09-13,0.57,0.43,,,,,,,,"Informational,Non-branded,Non-local"
83,carte marine dunkerque,fr,0,50,,1.16,carte marine dunkerque,2025-10-03 00:22:17,Thumbnail,50,60,60,2016-02-10,0.7,0.3,,,,,,,,"Informational,Non-branded,Local"
84,carte marine gratuite humminbird,fr,0,50,,,carte marine gratuite humminbird,2025-10-19 13:20:28,"Thumbnail,People also ask,Video preview",50,20,20,2021-04-25,0.73,0.27,,,,,,,,"Informational,Branded,Non-local"
85,carte marine corse du sud,fr,0,50,,1.36,carte marine corse,2025-09-12 17:55:16,"Thumbnail,People also ask",50,50,50,2015-12-20,0.65,0.35,,,,,,,,"Informational,Commercial,Non-branded,Local"
86,carte marine la rochelle gratuite,fr,12,50,,,carte marine,2025-10-04 19:34:00,People also ask,50,2800,2800,2016-04-03,0.71,0.29,,,,,,,,"Informational,Non-branded,Local"
87,symbole épave carte marine,fr,0,50,,,symbole carte marine,2025-10-10 09:07:31,"Thumbnail,People also ask",50,150,150,2018-04-08,,,,,,,,,,"Informational,Non-branded,Non-local"
88,carte marine france,fr,2,50,,0.74,carte marine,2025-09-14 16:14:06,"Thumbnail,Video preview",60,3000,3000,2015-09-08,0.42,0.58,,,,,,,,"Informational,Commercial,Transactional,Non-branded,Non-local"
89,carte sous marine,fr,14,50,,0.73,carte marine,2025-10-02 03:49:15,"Thumbnail,Sitelinks",70,2900,2900,2015-09-21,0.55,0.45,,,,,,,,"Informational,Non-branded,Non-local"
90,sainte-marine bretagne carte,fr,,50,,,,,,60,,,2020-08-11,,,,,,,,,,
91,carte marine oléron gratuite,fr,,40,,,,,,40,,,2022-08-25,,,,,,,,,,
92,embark carte marine,fr,0,40,,,embark carte marine,2025-09-14 06:56:46,,40,10,10,2022-10-17,0.65,0.35,,,,,,,,"Informational,Branded,Non-local"
93,carte marine saint-malo gratuite,fr,,40,,,,,,40,,,2022-05-31,,,,,,,,,,
94,carte marine marseille gratuite,fr,,40,0.15,,,,,40,,,2015-10-13,0.74,0.26,,,,,,,,
95,carte marine finistere,fr,,40,,1.15,,,,40,,,2016-01-16,,,,,,,,,,"Informational,Non-branded,Local"
96,carte marine baie de morlaix,fr,0,40,,1.52,carte marine baie de morlaix,2025-10-18 23:10:06,Thumbnail,40,40,40,2015-09-10,,,,,,,,,,"Informational,Commercial,Non-branded,Local"
97,symboles carte marine,fr,0,40,,1.43,symbole carte marine pdf,2025-10-09 02:58:54,"Thumbnail,Video preview",50,250,250,2015-09-06,0.52,0.48,,,,,,,,"Informational,Non-branded,Non-local"
98,carte marine groix,fr,,40,0.15,1.38,,,,40,,,2015-09-07,,,,,,,,,,"Informational,Non-branded,Local"
99,ancienne carte marine,fr,,40,,1.05,,,,60,,,2015-09-04,,,,,,,,,,"Informational,Commercial,Non-branded,Non-local"
100,carte profondeur marine,fr,1,40,,1,carte marine,2025-10-01 01:06:33,"Thumbnail,Sitelinks",40,2900,2900,2015-11-04,0.54,0.46,,,,,,,,"Informational,Non-branded,Non-local"
101,carte marine cannes,fr,,40,0.15,1.26,,,,40,,,2015-11-13,,,,,,,,,,"Informational,Non-branded,Local"
102,café lapérouse hôtel de la marine carte,fr,1,40,,,cafe laperouse paris,2025-09-18 08:14:31,"Sitelinks,Knowledge panel,Thumbnail",40,500,600,2021-08-29,0.74,0.26,,,,,,,,"Informational,Branded,Local"
103,carte marine martinique,fr,0,40,,1.31,carte marine,2025-10-04 11:21:56,Thumbnail,90,2800,2800,2015-12-03,,,,,,,,,,"Informational,Non-branded,Local"
104,lecteur de carte marine,fr,0,40,,1.18,gps bateau,2025-10-11 09:57:49,"Shopping,Thumbnail",70,250,250,2015-09-01,0.45,0.55,,,,,,,,"Informational,Commercial,Transactional,Non-branded,Non-local"
105,carte marine les sables d'olonne,fr,,40,,1.5,,,,40,,,2015-11-12,,,,,,,,,,"Informational,Commercial,Non-branded,Local"
106,carte marine atlantique nord,fr,0,40,,,carte marine atlantique nord,2025-10-08 18:24:33,Thumbnail,40,30,30,2015-09-04,0.52,0.48,,,,,,,,"Informational,Commercial,Non-branded,Non-local"
107,carte marine bretagne nord,fr,0,40,,0.85,carte marine bretagne,2025-10-01 01:14:25,Thumbnail,40,60,60,2015-09-01,,,,,,,,,,"Informational,Commercial,Non-branded,Local"
108,carte marine oleron,fr,0,40,0.20,1.78,carte marine oleron,2025-10-02 21:29:23,,40,40,40,2015-09-08,,,,,,,,,,"Informational,Commercial,Non-branded,Local"
109,carte marine atlantique,fr,0,40,,1.06,carte marine atlantique nord,2025-10-01 12:48:47,"Thumbnail,People also ask",60,40,40,2015-09-19,0.53,0.47,,,,,,,,"Informational,Commercial,Non-branded,Non-local"
110,garmin carte marine,fr,0,40,0.15,,,,,50,,,2015-09-21,,,,,,,,,,"Informational,Branded,Non-local"
111,carte marine hyeres,fr,,40,,1.24,,,,40,,,2015-09-01,,,,,,,,,,"Informational,Commercial,Non-branded,Local"
112,gps lecteur de carte marine,fr,0,40,,1.6,gps marine,2025-10-13 14:52:36,"Shopping,Thumbnail,People also ask",60,700,700,2015-12-15,0.59,0.41,,,,,,,,"Informational,Commercial,Transactional,Non-branded,Non-local"
113,carte marine pour gps garmin gratuite,fr,,40,,,,,,50,,,2016-05-01,,,,,,,,,,
114,carte marine cherbourg,fr,0,40,,1.56,carte de la manche bord de mer,2025-09-30 00:11:03,Thumbnail,40,40,40,2015-09-19,0.64,0.36,,,,,,,,"Informational,Non-branded,Local"
115,carte météo marine,fr,,40,,1.21,,,,60,,,2015-09-15,,,,,,,,,,"Informational,Non-branded,Non-local"
116,carte marine ouessant,fr,0,40,,1.27,carte marine ouessant,2025-09-12 07:15:49,,40,10,10,2015-09-08,0.58,0.42,,,,,,,,"Informational,Commercial,Non-branded,Local"
117,dessin sur carte marine,fr,,30,,,,,,30,,,2018-10-05,,,,,,,,,,
118,carte marine roscoff,fr,,30,,1.5,,,,30,,,2015-09-11,,,,,,,,,,"Informational,Non-branded,Local"
119,carte marine etang de thau,fr,,30,,1.59,,,,40,,,2015-12-03,,,,,,,,,,"Informational,Non-branded,Local"
120,carte marine golfe du lion,fr,,30,,1.71,,,,30,,,2016-05-03,,,,,,,,,,
121,carte marine gps,fr,0,30,0.10,1.39,carte marine gps,2025-10-20 14:17:41,"Thumbnail,People also ask,Sitelinks",30,30,30,2015-11-11,0.65,0.35,,,,,,,,"Informational,Commercial,Non-branded,Non-local"
122,papier peint carte marine,fr,0,30,,1.69,papier peint bateau,2025-10-10 15:35:34,"Shopping,Thumbnail,Sitelinks",30,30,40,2015-09-12,0.7,0.3,,,,,,,,"Informational,Commercial,Non-branded,Non-local"
123,légende carte marine shom,fr,,30,,,,,,30,,,2016-06-29,,,,,,,,,,
124,symbole phare carte marine,fr,0,30,,,symbole phare carte marine,2025-10-05 07:31:47,"Thumbnail,People also ask",40,10,10,2017-04-16,,,,,,,,,,"Informational,Non-branded,Non-local"
125,carte marine electronique,fr,,30,,0.91,,,,40,,,2015-09-13,,,0,-79.31,-82.84,0,-79.31,-82.84,,"Informational,Commercial,Non-branded,Non-local"
126,pirate carte marine ancienne,fr,,30,,,,,,40,,,2021-04-28,,,,,,,,,,
127,carte submersion marine 2050,fr,4,30,,,carte montée des eaux,2025-10-19 03:03:28,"People also ask,Thumbnail",40,3200,3200,2020-08-29,0.95,0.05,,,,,,,,"Informational,Non-branded,Non-local"
128,carte marine baie de douarnenez,fr,,30,,,,,,30,,,2015-12-20,,,,,,,,,,
129,carte marine estuaire gironde,fr,0,30,,1.53,carte marine estuaire gironde,2025-10-14 21:01:58,"People also ask,Thumbnail,Sitelinks,Video preview",30,10,10,2015-10-22,0.59,0.41,,,,,,,,"Informational,Non-branded,Non-local"
130,carte marine quiberon gratuite,fr,,30,,,,,,30,,,2016-08-01,,,,,,,,,,
131,carte marine arcachon,fr,0,30,,1.61,carte marine arcachon,2025-10-18 01:31:05,"Thumbnail,Knowledge panel",30,50,50,2015-09-24,,,,,,,,,,"Informational,Non-branded,Local"
132,carte marine 9999 gratuite,fr,,30,,1.59,,,,40,,,2015-09-01,,,,,,,,,,"Informational,Branded,Non-local"
133,carte marine bretagne sud,fr,,30,0.20,1.18,,,,30,,,2015-09-01,,,,,,,,,,"Informational,Non-branded,Local"
134,carte marine golf du morbihan,fr,,30,0.20,1.53,,,,30,,,2015-09-23,,,,,,,,,,"Informational,Commercial,Non-branded,Local"
135,carte marine mots fléchés,fr,,30,,,,,,30,,,2018-10-14,,,,,,,,,,
136,carte marine bassin arcachon pdf,fr,,30,,,,,,30,,,2018-06-23,,,,,,,,,,"Informational,Non-branded,Local"
137,carte marine st malo,fr,,30,,1.66,,,,30,,,2015-09-22,,,,,,,,,,"Informational,Non-branded,Local"
138,carte marine le havre,fr,,30,,1.31,,,,30,,,2015-09-10,0.5,0.5,,,,,,,,"Informational,Non-branded,Local"
139,carte marine baie de bourgneuf,fr,,30,,1.64,,,,30,,,2015-09-05,,,,,,,,,,"Informational,Non-branded,Local"
140,appli carte marine gratuite,fr,0,30,,,application gps marine gratuit,2025-09-30 03:54:23,People also ask,30,600,600,2016-07-15,0.81,0.19,,,,,,,,"Informational,Non-branded,Non-local"
141,carte marine concarneau,fr,0,30,0.20,1.36,carte marine concarneau,2025-09-27 07:57:30,"People also ask,Knowledge panel",30,20,20,2015-09-18,0.6,0.4,,,,,,,,"Informational,Commercial,Non-branded,Local"
142,carte marine bretagne sud gratuite,fr,,30,,,,,,40,,,2015-09-02,,,,,,,,,,"Informational,Non-branded,Local"
143,avec tarif la ferme marine marseillan carte,fr,,30,,,,,,30,,,2021-10-13,,,,,,,,,,
144,carte marine royan,fr,,30,,1.52,,,,30,,,2015-09-24,0.7,0.3,,,,,,,,"Informational,Commercial,Non-branded,Local"
145,meteo marine carte,fr,,30,,,,,,30,,,2015-10-16,,,,,,,,,,
146,gps traceur de carte marine,fr,,30,0.90,,,,,70,,,2015-09-19,,,,,,,,,,
147,carte marine officielle,fr,,30,,1.04,,,,30,,,2015-10-22,,,,,,,,,,"Informational,Commercial,Non-branded,Non-local"
148,symbole carte marine shom,fr,,30,,,,,,30,,,2016-02-13,,,,,,,,,,"Informational,Branded,Non-local"
149,carte marine saint nazaire,fr,0,30,0.15,1.1,carte marine saint nazaire,2025-10-01 01:15:58,Knowledge panel,30,10,10,2015-09-15,,,,,,,,,,"Informational,Commercial,Non-branded,Local"
150,carte marine gratuite géoportail,fr,20,30,,,carte marine,2025-10-12 09:15:25,People also ask,40,2700,2700,2021-07-15,0.65,0.35,,,,,,,,"Informational,Branded,Non-local"
151,profondeur carte marine,fr,,30,,,,,,30,,,2015-11-27,,,,,,,,,,
152,obstn carte marine,fr,0,20,,,légende carte marine,2025-09-19 19:36:33,"Thumbnail,People also ask",20,40,40,2016-01-23,,,,,,,,,,"Informational,Non-branded,Non-local"
153,carte marine port cros,fr,,20,,,,,,20,,,2017-01-07,,,,,,,,,,
154,chausey carte marine,fr,,20,,,,,,20,,,2016-04-24,,,,,,,,,,
155,carte marine bassin d'arcachon,fr,,20,,1.86,,,,20,,,2015-09-18,,,,,,,,,,"Informational,Non-branded,Local"
156,carte marine garmin gratuite,fr,,20,,1.54,,,,30,,,2015-10-15,,,,,,,,,,"Informational,Branded,Non-local"
157,carte marine humminbird,fr,,20,,,,,,20,,,2016-01-21,,,,,,,,,,
158,carte marine saint malo gratuite,fr,12,20,0.15,,carte marine,2025-10-11 20:52:33,"People also ask,Sitelinks",20,2700,2700,2016-01-14,,,,,,,,,,"Informational,Non-branded,Local"
159,navionics carte marine,fr,0,20,0.15,1.19,carte navionics,2025-10-02 13:38:39,"Thumbnail,Sitelinks,People also ask,Shopping",20,450,450,2015-09-23,,,,,,,,,,"Informational,Commercial,Transactional,Branded,Non-local"
160,carte marine hoedic,fr,,20,,1.47,,,,20,,,2016-05-28,,,,,,,,,,
161,carte marine saint tropez,fr,,20,,,,,,20,,,2015-09-01,,,,,,,,,,"Informational,Non-branded,Local"
162,carte marine du golfe du morbihan,fr,,20,,1.86,,,,20,,,2015-09-24,,,,,,,,,,"Informational,Commercial,Non-branded,Local"
163,carte marine application,fr,,20,,,,,,20,,,2016-06-18,0.88,0.12,,,,,,,,
164,carte marine lowrance,fr,,20,,,,,,30,,,2015-10-21,,,,,,,,,,
165,marine vignes meteo a la carte,fr,0,20,,0.57,marine vignes,2025-10-12 10:47:55,"People also ask,Thumbnail,Knowledge panel,Video preview",30,11000,12000,2016-05-21,,,,,,,,,,"Informational,Branded,Non-local"
166,carte marine croatie,fr,,20,,1.68,,,,20,,,2015-11-16,,,,,,,,,,"Informational,Non-branded,Non-local"
167,porte carte goyard bleu marine,fr,,20,,,,,,20,,,2023-11-18,,,,,,,,,,
168,carte marine paimpol,fr,0,20,,1.85,carte marine paimpol,,,20,,,2015-11-22,,,,,,,,,,"Informational,Non-branded,Local"
169,gps traceur de carte marine portable,fr,,20,,,,,,30,,,2016-01-01,,,,,,,,,,
170,menu carte la ferme marine marseillan tarifs,fr,,20,,,,,,20,,,2025-04-01,,,,,,,,,,
171,carte marine brehat,fr,,20,0.20,1.08,,,,20,,,2015-09-02,,,,,,,,,,"Informational,Non-branded,Local"
172,achat carte marine papier,fr,0,20,,,carte marine,2025-10-16 01:21:03,People also ask,20,150,150,2016-01-10,0.66,0.34,,,,,,,,"Commercial,Transactional,Non-branded,Non-local"
173,carte marine porto vecchio,fr,,20,,,,,,20,,,2015-11-01,,,,,,,,,,
174,carte marine espagne gratuite,fr,0,20,,,télécharger carte marine gratuite,2025-10-19 22:14:49,"Thumbnail,People also ask,Sitelinks",20,150,150,2016-08-12,,,,,,,,,,"Informational,Non-branded,Non-local"
175,carte marine martinique gratuite,fr,,20,,,,,,40,,,2017-04-01,,,,,,,,,,
176,carte marine la ciotat,fr,,20,0.15,,,,,20,,,2015-11-19,,,,,,,,,,"Informational,Non-branded,Local"
177,carte marine navionics gratuite,fr,,20,0.15,1.54,,,,20,,,2015-09-13,,,,,,,,,,"Informational,Branded,Non-local"
178,carte marine manche ouest,fr,,20,0.20,,,,,20,,,2015-09-27,,,,,,,,,,
179,carte marine ajaccio,fr,0,20,,,,,,20,,,2016-03-03,,,,,,,,,,"Informational,Non-branded,Local"
180,lecteur carte marine,fr,,20,,,,,,30,,,2015-12-09,,,,,,,,,,
181,carte marine normandie,fr,,20,,,,,,20,,,2015-12-20,,,,,,,,,,
182,carte marine gratuite en ligne,fr,1,20,,1.53,,,,30,,,2015-09-27,,,,,,,,,,"Informational,Non-branded,Non-local"
183,carte marine belle ile en mer,fr,,20,0.15,,,,,20,,,2016-07-22,,,,,,,,,,
184,carte marine polynésie française,fr,,20,,,,,,20,,,2015-09-03,,,,,,,,,,
185,carte marine peinte,fr,,20,,,,,,20,,,2015-11-30,,,,,,,,,,
186,carte marine golfe du morbihan pdf,fr,0,20,,,carte marine golfe du morbihan,2025-09-21 12:21:25,People also ask,30,100,100,2018-07-02,,,,,,,,,,"Informational,Non-branded,Non-local"
187,gps carte marine,fr,0,20,0.20,1.04,gps marine,2025-10-20 12:08:02,People also ask,30,700,700,2015-10-12,0.75,0.25,,,,,,,,"Informational,Commercial,Non-branded,Non-local"
188,compas carte marine,fr,,20,0.08,,,,,20,,,2015-09-02,,,,,,,,,,
189,carte marine garmin bluechart g3,fr,,20,,,,,,20,,,2020-06-13,,,,,,,,,,
190,submersion marine carte,fr,,20,,,,,,20,,,2016-09-07,,,,,,,,,,
191,exercice carte marine 7066,fr,,20,,,,,,20,,,2017-01-28,,,,,,,,,,
192,gps avec carte marine,fr,,20,,,,,,30,,,2015-09-20,,,,,,,,,,
193,carte marine corse en ligne,fr,,20,,,,,,20,,,2025-04-01,,,,,,,,,,
194,légende carte marine (shom),fr,,20,,,,,,20,,,2022-09-04,,,,,,,,,,
195,carte marine du monde,fr,,20,,0.76,,,,20,,,2015-09-02,,,,,,,,,,"Informational,Commercial,Non-branded,Non-local"
196,carte marine saint quay portrieux,fr,,20,,,,,,20,,,2015-10-01,,,,,,,,,,
197,lire une carte marine pdf,fr,,20,,,,,,20,,,2017-12-05,0.7,0.3,,,,,,,,
198,carte marine nice,fr,,20,,1.48,,,,20,,,2015-10-22,,,,,,,,,,
199,carte gps marine,fr,0,20,0.10,1.03,carte marine gps,2025-10-05 23:18:25,"People also ask,Sitelinks,Thumbnail,Shopping",20,30,30,2015-11-24,0.68,0.32,,,,,,,,"Informational,Commercial,Non-branded,Non-local"
200,télécharger carte marine pour gps lowrance,fr,,20,,,,,,30,,,2021-03-06,,,,,,,,,,
201,carte marine finistere sud,fr,,20,,,,,,20,,,2016-01-06,,,,,,,,,,
202,carte marine granville,fr,,20,0.15,,,,,20,,,2015-11-19,,,,,,,,,,"Informational,Non-branded,Local"
203,carte marine iles chausey,fr,,20,,,,,,30,,,2015-10-04,,,,,,,,,,"Informational,Non-branded,Local"
204,appli carte marine,fr,0,20,0.20,,gps marine gratuit pour android,2025-10-17 14:15:08,People also ask,20,500,500,2015-10-30,0.86,0.14,,,,,,,,"Informational,Non-branded,Non-local"
205,carte anniversaire plongée sous marine,fr,0,20,,1.62,carte anniversaire plongée sous marine,2025-10-12 11:47:53,"Thumbnail,People also ask",30,10,10,2015-09-12,,,,,,,,,,"Informational,Commercial,Non-branded,Non-local"
206,sainte marine carte,fr,,20,,,,,,20,,,2015-09-05,,,,,,,,,,
207,traceur de carte marine,fr,,20,,,,,,30,,,2015-09-18,,,,,,,,,,
208,carte marine mer du nord,fr,,20,,,,,,30,,,2015-09-05,,,,,,,,,,"Informational,Non-branded,Non-local"
209,sonde carte marine,fr,,20,,1.27,,,,20,,,2016-02-01,,,,,,,,,,"Informational,Non-branded,Non-local"
210,sondeur gps avec carte marine,fr,0,20,0.15,,gps sondeur bateau,2025-10-10 01:57:52,"Shopping,Thumbnail,People also ask",20,350,400,2020-06-21,0.73,0.27,,,,,,,,"Informational,Commercial,Non-branded,Non-local"
211,carte marine espagne,fr,0,20,,,carte marine méditerranée pdf,,,30,,,2015-10-15,0.5,0.5,,,,,,,,"Informational,Non-branded,Non-local"
212,carte marine méditerranée en ligne,fr,,20,,,,,,20,,,2016-03-01,0.55,0.45,,,,,,,,"Informational,Non-branded,Non-local"
213,carte marine perros guirec,fr,,20,,1.44,,,,20,,,2015-09-07,,,,,,,,,,
214,aquarelle sur carte marine,fr,0,20,,,peinture sur carte marine,2025-10-19 23:49:30,"Shopping,Thumbnail",20,20,20,2015-09-09,,,,,,,,,,"Informational,Commercial,Non-branded,Non-local"
215,carte marine antibes,fr,,20,0.15,1.75,,,,20,,,2015-09-03,,,,,,,,,,"Informational,Non-branded,Local"
216,symbole epave carte marine,fr,0,20,,,symbole carte marine,2025-10-05 13:29:17,"Thumbnail,People also ask,Sitelinks",20,150,150,2015-11-15,,,,,,,,,,"Informational,Non-branded,Non-local"
217,carte marine erquy,fr,0,20,,,carte marine erquy,,,20,,,2015-09-27,,,,,,,,,,"Informational,Non-branded,Local"
218,porte carte bleu marine,fr,,20,,,,,,20,,,2016-04-03,,,,,,,,,,
219,qui remplace marine vignes dans météo à la carte,fr,,20,,,,,,20,,,2019-12-29,,,,,,,,,,
220,carte submersion marine normandie,fr,0,20,,,carte montée des eaux normandie 2050,2025-10-18 18:06:25,People also ask,20,100,100,2019-09-29,,,,,,,,,,"Informational,Non-branded,Local"
221,carte marine la baule,fr,0,20,0.30,1.36,carte marine,2025-09-12 09:23:12,"Thumbnail,Sitelinks,Video preview",20,2900,2900,2015-10-31,,,,,,,,,,"Informational,Commercial,Non-branded,Local"
222,carte marine sete,fr,,20,,1.76,,,,20,,,2015-10-04,,,,,,,,,,
223,carte marine capbreton,fr,,20,,,,,,20,,,2016-07-14,,,,,,,,,,"Informational,Non-branded,Local"
224,carte marine var,fr,,20,0.15,1.44,,,,20,,,2015-09-06,,,,,,,,,,"Informational,Non-branded,Local"
225,carte - zones météo marine,fr,,20,,,,,,20,,,2022-06-16,,,,,,,,,,
226,carte marine corse gratuite,fr,13,20,,,carte marine,2025-10-18 15:17:30,,20,2700,2700,2015-09-30,0.71,0.29,,,,,,,,"Informational,Non-branded,Local"
227,carte marine ouistreham,fr,,20,0.20,,,,,20,,,2015-10-09,,,,,,,,,,"Informational,Non-branded,Local"
228,carte marine symboles et abréviations,fr,,20,,,,,,20,,,2016-08-02,,,,,,,,,,
229,carte marine profondeur,fr,0,20,,0.82,carte marine,2025-10-01 01:23:18,"Thumbnail,Video preview,People also ask",20,2900,2900,2015-09-14,0.64,0.36,,,,,,,,"Informational,Non-branded,Non-local"
230,carte marine monde,fr,,20,,0.31,,,,30,,,2015-10-19,,,,,,,,,,
231,carte marine pornic,fr,0,20,,1.55,carte marine pornic,2025-10-02 04:11:05,Thumbnail,20,10,10,2015-09-10,,,,,,,,,,"Informational,Non-branded,Local"
232,carte marine piriac sur mer,fr,,20,0.15,,,,,20,,,2015-11-14,,,,,,,,,,
233,géoportail carte marine gratuite pdf,fr,,20,,,,,,20,,,2024-05-31,,,,,,,,,,
234,meteo a la carte marine,fr,4,20,,,marine vignes,2025-10-18 09:51:32,"People also ask,Sitelinks,Video preview",20,11000,11000,2017-04-03,,,,,,,,,,"Informational,Branded,Non-local"
235,carte marine lorient gratuite,fr,,20,,,,,,20,,,2016-02-08,,,,,,,,,,
236,carte marine guadeloupe gratuite,fr,,20,,,,,,30,,,2016-03-28,,,,,,,,,,"Informational,Non-branded,Local"
237,carte submersion marine,fr,,20,,0.93,,,,20,,,2015-09-10,,,,,,,,,,"Informational,Non-branded,Non-local"
238,carte marine cap d'agde,fr,,20,,,,,,20,,,2016-02-27,,,,,,,,,,
239,carte marine le croisic,fr,,20,0.15,,,,,20,,,2016-03-22,,,,,,,,,,
240,carte marine loisirs toulon,fr,,10,,1.08,,,,10,,,2015-09-07,,,,,,,,,,"Informational,Branded,Local"
241,shom carte marine en ligne,fr,,10,,,,,,10,,,2016-07-28,,,,,,,,,,
242,carte marine hendaye,fr,,10,,,,,,10,,,2016-01-20,,,,,,,,,,
243,carte marine sete gratuite,fr,,10,,,,,,10,,,2015-10-16,,,,,,,,,,
244,livre carte marine,fr,,10,,,,,,10,,,2015-11-30,,,,,,,,,,
245,carte marine propriano,fr,,10,0.15,,,,,10,,,2015-12-01,,,,,,,,,,
246,carte marine golfe morbihan,fr,,10,,1.26,,,,10,,,2015-11-13,,,,,,,,,,"Informational,Non-branded,Local"
247,symbole semaphore carte marine,fr,,10,,,,,,10,,,2016-02-28,,,,,,,,,,
248,carte marine loctudy,fr,,10,,,,,,10,,,2015-09-12,,,,,,,,,,
249,carte marine reunion,fr,,10,,,,,,20,,,2016-01-18,,,,,,,,,,
250,carte meteo marine vent,fr,,10,,,,,,10,,,2016-08-15,,,,,,,,,,
251,carte marine symbole,fr,,10,,,,,,10,,,2016-04-26,,,,,,,,,,
252,sainte marine bretagne carte,fr,,10,,,,,,10,,,2016-06-13,,,,,,,,,,
253,shom carte marine gratuite,fr,,10,,,,,,10,,,2015-10-24,,,,,,,,,,
254,latitude longitude carte marine,fr,,10,,,,,,10,,,2016-05-08,,,,,,,,,,
255,carte marine tahiti,fr,,10,,,,,,30,,,2017-04-17,,,,,,,,,,"Informational,Non-branded,Local"
256,carte des risques de submersion marine en france,fr,,10,,,,,,10,,,2021-08-28,,,,,,,,,,
257,carte marine loisirs brest,fr,0,10,,1.36,marine loisirs brest,2025-09-23 04:41:19,,10,150,150,2015-09-26,,,,,,,,,,"Informational,Branded,Local"
258,carte marine bonifacio,fr,,10,,,,,,10,,,2016-05-30,,,,,,,,,,
259,carte gps marine gratuite,fr,0,10,0.07,1.03,télécharger carte marine gratuite,2025-09-10 19:45:35,"Video preview,People also ask,Sitelinks",10,200,200,2015-09-10,0.69,0.31,,,,,,,,"Informational,Non-branded,Non-local"
260,carte marine la turballe,fr,,10,,,,,,10,,,2017-07-04,,,,,,,,,,
261,carte marine saint cast le guildo,fr,,10,,,,,,10,,,2016-08-02,,,,,,,,,,
262,carte marine nouvelle calédonie,fr,,10,,,,,,20,,,2016-10-09,,,,,,,,,,
263,carte marine cancale,fr,,10,,,,,,10,,,2016-01-14,,,,,,,,,,
264,carte marine obligatoire,fr,,10,,,,,,10,,,2016-01-28,,,,,,,,,,
265,abat jour carte marine,fr,,10,,,,,,10,,,2015-10-16,,,,,,,,,,
266,sonde négative carte marine,fr,,10,,,,,,10,,,2024-06-30,,,,,,,,,,
267,carte pokemon marine le pen,fr,,10,,0.11,,,,10,,,2016-01-09,,,,,,,,,,"Informational,Branded,Non-local"
268,carte garmin marine,fr,,10,0.15,1.23,,,,10,,,2015-12-26,,,,,,,,,,
269,la carte marine,fr,,10,,,,,,30,,,2015-10-03,,,,,,,,,,"Informational,Non-branded,Non-local"
270,carte marine du shom,fr,,10,,,,,,10,,,2016-01-20,,,,,,,,,,
271,carte marine iphone,fr,,10,,,,,,10,,,2015-09-28,,,,,,,,,,
272,carte cadeau vert marine,fr,,10,,,,,,10,,,2015-10-31,,,,,,,,,,
273,carte marine en 8 lettres,fr,,10,,,,,,10,,,2015-10-09,,,,,,,,,,
274,carte marine gratuit,fr,,10,,,,,,10,,,2015-10-14,,,,,,,,,,
275,epave carte marine,fr,,10,,,,,,10,,,2019-05-20,,,,,,,,,,
276,carte marine pays basque,fr,,10,,,,,,10,,,2015-09-10,,,,,,,,,,
277,carte marine bandol,fr,,10,0.15,,,,,10,,,2015-11-03,,,,,,,,,,"Informational,Non-branded,Local"
278,aire marine protégée carte,fr,,10,,,,,,10,,,2015-09-07,,,,,,,,,,
279,carte marine ile de re,fr,,10,0.15,,,,,10,,,2015-09-10,,,,,,,,,,
280,carte marine saint gilles croix de vie,fr,,10,,,,,,10,,,2015-09-03,,,,,,,,,,
281,carte marine italie,fr,,10,,,,,,10,,,2016-03-20,,,,,,,,,,"Informational,Commercial,Non-branded,Non-local"
282,carte anniversaire marine,fr,0,10,,0.74,joyeux anniversaire bateau,2025-10-01 20:34:15,"Shopping,Thumbnail,People also ask",10,20,20,2015-09-12,,,,,,,,,,"Informational,Commercial,Transactional,Non-branded,Non-local"
283,carte marine saint vaast la hougue,fr,,10,,,,,,10,,,2015-11-08,,,,,,,,,,
284,carte marine palavas les flots,fr,,10,,,,,,10,,,2016-03-22,,,,,,,,,,
285,carte marine frejus,fr,0,10,,,carte marine frejus,,,10,,,2016-03-07,,,,,,,,,,"Informational,Non-branded,Local"
286,pêche carte marine gratuite,fr,,10,,,,,,20,,,2022-09-28,,,,,,,,,,
287,marine vignes météo à la carte,fr,,10,,,,,,10,,,2016-02-03,,,,,,,,,,
288,carte marine pertuis d'antioche,fr,,10,,1.78,,,,10,,,2016-01-30,,,,,,,,,,"Informational,Non-branded,Non-local"
289,carte marine portsall,fr,,10,,,,,,10,,,2016-04-15,,,,,,,,,,
290,carte marine rance,fr,,10,,,,,,10,,,2015-09-30,,,,,,,,,,
291,carte marine lac leman,fr,,10,,,,,,20,,,2015-10-10,,,,,,,,,,"Informational,Non-branded,Non-local"
292,crêperie la misaine sainte marine carte,fr,,10,,,,,,10,,,2024-08-24,,,,,,,,,,
293,symbole wk carte marine,fr,,10,,,,,,10,,,2023-08-08,,,,,,,,,,
294,wk carte marine,fr,,10,,,,,,10,,,2016-01-30,,,,,,,,,,
295,mesure distance carte marine,fr,,10,,1.05,,,,10,,,2016-07-07,,,,,,,,,,"Informational,Non-branded,Non-local"
296,distance carte marine,fr,,10,,1.13,,,,10,,,2015-12-04,,,,,,,,,,"Informational,Non-branded,Non-local"
297,carte marine dessin,fr,,10,,,,,,10,,,2015-09-10,,,,,,,,,,
298,carte marine geoportail,fr,30,10,,1.09,carte marine,2025-10-18 05:53:38,,10,2700,2700,2015-09-08,0.45,0.55,-27.27,-38.71,-48.98,-27.27,-38.71,-48.98,,"Informational,Branded,Non-local"
299,carte marine nationale,fr,,10,,,,,,10,,,2015-09-08,,,,,,,,,,
300,cmap carte marine,fr,0,10,,,carte marine,2025-09-26 02:36:12,"Sitelinks,People also ask,Thumbnail",10,500,500,2019-03-23,,,,,,,,,,"Informational,Branded,Non-local"
301,carte plongée sous marine,fr,,10,,,,,,10,,,2015-12-07,,,,,,,,,,"Informational,Non-branded,Non-local"
302,marine de meteo a la carte,fr,,10,,1.09,,,,10,,,2016-01-29,,,,,,,,,,"Informational,Non-branded,Non-local"
303,carte marine belle ile,fr,,10,,1.07,,,,10,,,2015-10-15,,,,,,,,,,"Informational,Non-branded,Local"
304,carte marine tatouage,fr,,10,,,,,,10,,,2015-10-31,,,,,,,,,,
305,carte marine estuaire de la loire,fr,,10,,0.88,,,,10,,,2016-08-13,,,,,,,,,,
306,carte marine garmin bluechart g2 vision gratuite,fr,,10,,,,,,10,,,2018-11-25,,,,,,,,,,
307,logiciel carte marine,fr,,10,,1.22,,,,20,,,2015-09-12,,,,,,,,,,"Informational,Non-branded,Non-local"
308,carte marine de la manche,fr,0,10,,,,,,10,,,2015-09-24,,,,,,,,,,"Informational,Non-branded,Non-local"
309,carte marine mayotte,fr,,10,,,,,,20,,,2015-11-11,,,,,,0,-25,-84.27,,"Informational,Non-branded,Local"
310,carte de marine,fr,,10,,,,,,10,,,2015-12-04,,,,,,,,,,
311,carte marine shom 9999,fr,,10,,,,,,10,,,2015-09-23,,,,,,,,,,
312,carte marine ile d yeu,fr,,10,,,,,,10,,,2016-05-18,,,,,,,,,,"Informational,Commercial,Non-branded,Local"
313,la ferme marine marseillan carte,fr,,10,,,,,,10,,,2017-09-01,,,,,,,,,,
314,marine vignes absente meteo a la carte,fr,,10,,,,,,10,,,2024-06-24,,,,,,,,,,
315,carte marine mer d'iroise,fr,,10,,1.64,,,,10,,,2015-09-08,,,,,,,,,,"Informational,Non-branded,Non-local"
316,carte marine shom en ligne,fr,,10,,1.21,,,,10,,,2015-10-05,,,,,,,,,,"Informational,Branded,Non-local"
317,carte marine application gratuite,fr,,10,,,,,,10,,,2017-05-02,,,,,,,,,,
318,carte marine baie de douarnenez gratuite,fr,,10,,,,,,10,,,2015-09-05,,,,,,,,,,
319,carte marine numérique,fr,,10,,,,,,10,,,2016-07-31,,,,,,,,,,
320,gps carte marine gratuite,fr,,10,,,,,,10,,,2015-09-03,,,,,,,,,,
321,carte marine etang de berre,fr,,10,,,,,,10,,,2016-03-20,,,,,,,,,,
322,carte marine glenan,fr,,10,,1.52,,,,10,,,2016-06-15,,,,,,,,,,
323,carte profondeur marine méditerranée,fr,,10,,1.08,,,,10,,,2015-09-18,,,,,,,,,,"Informational,Non-branded,Non-local"
324,carte submersion marine dunkerque,fr,,10,,,,,,10,,,2016-02-13,,,,,,,,,,
325,carte marine gratuite shom,fr,,10,0.20,,,,,10,,,2016-04-24,,,,,,,,,,"Informational,Branded,Non-local"
326,carte marine europe,fr,,10,,,,,,10,,,2015-11-24,,,,,,,,,,
327,carte marine le breton,fr,,10,,,,,,10,,,2023-11-16,,,,,,,,,,
328,carte marine dunkerque gratuite,fr,,10,,,,,,10,,,2016-02-13,,,,,,,,,,
329,carte marine mediterranee,fr,,10,0.15,,,,,10,,,2015-10-21,,,,,,,,,,"Informational,Commercial,Non-branded,Non-local"
330,carte marine finistère nord,fr,,10,,,,,,10,,,2017-03-01,,,,,,,,,,
331,carte marine dinard,fr,,10,,,,,,10,,,2015-10-29,,,,,,,,,,
332,les minquiers carte marine,fr,,10,,1.22,,,,10,,,2015-09-16,,,,,,,,,,"Informational,Non-branded,Non-local"
333,carte marine irlande,fr,,10,,,,,,10,,,2015-09-23,,,,,,,,,,
334,marine vigne meteo a la carte,fr,,10,,,,,,20,,,2017-05-17,,,,,,,,,,"Informational,Branded,Non-local"
335,carte marine permis cotier,fr,,10,,,,,,10,,,2016-02-07,,,,,,,,,,
336,carte marine maroc,fr,,10,,,,,,30,,,2017-01-20,,,,,,,,,,"Informational,Non-branded,Non-local"
337,calcul hauteur d'eau carte marine,fr,,10,,,,,,10,,,2016-09-18,,,,,,,,,,"Informational,Non-branded,Non-local"
338,carte marine archipel des glenan,fr,,10,,,,,,10,,,2016-06-15,,,,,,,,,,
339,carte chasse sous-marine corse,fr,,10,,,,,,10,,,2016-04-13,,,,,,,,,,
340,carte marine cassis,fr,,10,,,,,,10,,,2015-10-21,,,,,,,,,,
341,carte marine permis hauturier,fr,,10,,,,,,10,,,2015-11-18,,,,,,,,,,
342,carte marine trebeurden,fr,,10,,,,,,10,,,2016-02-22,,,,,,,,,,
343,carte marine benodet,fr,,10,,,,,,10,,,2016-02-11,,,,,,,,,,"Informational,Non-branded,Local"
344,gps lecteur de carte marine garmin,fr,,10,,,,,,10,,,2016-09-30,,,,,,,,,,
345,carte marine grece,fr,4,10,,,,,,20,,,2015-09-24,,,,,,,,,,"Informational,Non-branded,Non-local"
346,marine météo à la carte,fr,,10,,,,,,10,,,2016-04-01,,,,,,,,,,"Informational,Non-branded,Non-local"
347,carte marine calvi,fr,,10,0.15,,,,,10,,,2016-05-18,,,,,,,,,,
348,carte marine baie de seine,fr,,10,,,,,,10,,,2016-05-08,,,,,,,,,,
349,carte marine cap horn,fr,,10,,,,,,10,,,2016-10-09,,,,,,,,,,
350,carte des profondeur marine,fr,,10,,,,,,10,,,2016-03-27,,,,,,,,,,
351,carte marine iles de lerins,fr,,10,,,,,,10,,,2015-10-26,,,,,,,,,,
352,carte chasse sous-marine var,fr,,10,,,,,,10,,,2023-10-01,,,,,,,,,,
353,carte marine pornichet,fr,,10,,1.38,,,,10,,,2016-01-01,,,,,,,,,,
354,carte marine vintage,fr,,10,,,,,,10,,,2015-10-29,,,,,,,,,,
355,carte marine ile de groix,fr,,10,,,,,,10,,,2015-09-21,,,,,,,,,,
356,carte marine sardaigne,fr,0,10,,,,,,20,,,2015-09-19,,,,,,,,,,"Informational,Non-branded,Non-local"
357,carte marine dieppe,fr,,10,0.15,2.21,,,,10,,,2015-09-05,,,,,,,,,,"Informational,Non-branded,Local"
358,carte marine minorque,fr,,10,,,,,,10,,,2016-05-29,,,,,,,,,,
359,carte marine pdf,fr,,10,,,,,,10,,,2016-05-02,,,,,,,,,,
360,carte marine vendee,fr,,10,,,,,,10,,,2016-05-15,,,,,,,,,,
361,carte marine les glenans,fr,,10,,1.48,,,,10,,,2015-10-08,,,,,,,,,,
362,carte marine saint malo pdf,fr,,10,,,,,,10,,,2017-04-17,,,,,,,,,,
363,carte marine etang de thau gratuite,fr,,10,,1.66,,,,10,,,2015-09-18,,,,,,,,,,"Informational,Non-branded,Local"
364,carte marine bretagne en ligne,fr,,10,,,,,,10,,,2018-07-21,,,,,,,,,,
365,carte marine 7066 roulée,fr,,10,,,,,,10,,,2017-09-16,,,,,,,,,,
366,brise marine carte,fr,,10,,,,,,10,,,2022-08-03,,,,,,,,,,
367,carte marine synonyme,fr,,10,,0.92,,,,10,,,2017-09-26,,,,,,,,,,"Informational,Non-branded,Non-local"
368,phare carte marine,fr,,10,,,,,,10,,,2016-01-21,,,,,,,,,,
369,carte marine géoportail,fr,,10,,,,,,10,,,2017-01-28,,,,,,,,,,
370,carte marine lorient groix,fr,,10,,,,,,10,,,2015-09-21,,,,,,,,,,
371,carte marine tunisie,fr,,10,,,,,,40,,,2015-09-09,,,,,,,,,,"Informational,Non-branded,Non-local"
372,carte marine interactive,fr,,10,,,,,,20,,,2016-03-30,,,,,,,,,,
373,carte chasse sous marine var,fr,,10,,,,,,10,,,2016-01-12,,,,,,,,,,
374,que veut dire wk sur carte marine,fr,0,10,,,carte marine gratuite pdf,2025-10-08 17:09:38,"Featured snippet,Thumbnail,People also ask",10,90,90,2016-10-26,,,,,,,,,,"Informational,Non-branded,Non-local"
375,carte marine bateau,fr,,10,0.15,,,,,10,,,2016-05-15,,,,,,,,,,
376,détaillée carte marine golfe du morbihan,fr,,10,,,,,,10,,,2025-05-25,,,,,,,,,,
377,carte submersion marine france,fr,,10,,0.76,,,,10,,,2017-08-17,,,-30.77,-38.89,-48.67,-30.77,-38.89,-48.67,,
378,carte marine ile de ré gratuite,fr,,10,,,,,,10,,,2018-01-19,,,,,,,,,,
379,carte réserve marine réunion,fr,,10,,,,,,40,,,2020-12-14,,,,,,,,,,
380,carte joyeux anniversaire marine,fr,,10,,,,,,10,,,2015-11-09,,,,,,,,,,
381,carte marine sardaigne gratuite,fr,,10,,,,,,20,,,2015-09-09,,,,,,,,,,
382,telecharger carte marine,fr,,10,,1.4,,,,10,,,2015-09-20,,,,,,,,,,"Informational,Non-branded,Non-local"
383,carte marine hyeres porquerolles,fr,,10,,,,,,10,,,2016-05-29,,,,,,,,,,
384,carte marine online,fr,,10,,,,,,10,,,2016-05-22,,,,,,,,,,
385,carte marine c map,fr,,10,,,,,,10,,,2016-09-23,,,,,,,,,,
386,carte marine houat,fr,,10,,1.08,,,,10,,,2015-09-17,,,,,,,,,,
387,carte marine papier méditerranée,fr,,10,,,,,,10,,,2016-06-01,,,,,,,,,,
388,carte marine baie de saint malo,fr,,10,,,,,,10,,,2016-08-31,,,,,,,,,,
389,carte marine ile d'yeu,fr,,10,,1.59,,,,10,,,2015-12-06,,,,,,,,,,"Informational,Non-branded,Local"
390,carte marine gps garmin,fr,,10,,,,,,10,,,2015-09-24,,,,,,,,,,"Informational,Branded,Non-local"
391,echelle carte marine,fr,,10,,,,,,10,,,2015-10-03,,,,,,,,,,"Informational,Non-branded,Non-local"
392,carte marine charente maritime,fr,,10,,,carte marine,,,10,,,2016-03-21,,,,,,,,,,"Informational,Non-branded,Local"
393,achat carte marine,fr,,10,,1.16,,,,10,,,2015-10-25,,,,,,,,,,"Commercial,Transactional,Non-branded,Non-local"
394,carte topographique marine,fr,,10,,,,,,10,,,2015-09-20,,,,,,,,,,
395,ligne de sonde carte marine,fr,,10,,,,,,10,,,2016-02-09,,,,,,,,,,
396,carte marine legende,fr,,10,,,,,,10,,,2015-09-09,,,,,,,,,,
397,obstruction carte marine,fr,0,10,,,data shom épave,2025-10-02 07:36:06,Thumbnail,10,30,30,2016-01-23,,,,,,,,,,"Informational,Non-branded,Non-local"
398,carte marine saint raphael,fr,,10,0.20,,,,,10,,,2015-12-05,,,,,,,,,,
399,restaurant brise marine carqueiranne carte,fr,,10,,,,,,10,,,2020-07-10,,,,,,,,,,
400,traceur carte marine,fr,,10,,,,,,30,,,2015-09-08,,,,,,,,,,
401,carte marine fecamp,fr,,10,,,,,,10,,,2016-03-23,,,,,,,,,,
402,carte marine rade de villefranche-sur-mer,fr,,10,,,,,,10,,,2020-08-11,,,,,,,,,,
403,carte marine rade de lorient,fr,,10,,,,,,10,,,2015-11-27,,,,,,,,,,
404,baie de bourgneuf carte marine,fr,,10,,0.94,,,,10,,,2015-12-05,,,,,,,,,,"Informational,Non-branded,Local"
405,carte marine port camargue,fr,,10,,,,,,10,,,2015-11-13,,,,,,,,,,
406,carte marine cap corse,fr,,10,,,,,,10,,,2015-09-16,,,,,,,,,,
407,carte marine papier,fr,0,10,0.09,1.03,carte marine,2025-09-12 04:11:42,"Thumbnail,People also ask,Shopping,Video preview",40,150,150,2015-10-12,0.62,0.38,-25,-87.04,-80.63,-25,-87.04,-80.63,0,"Informational,Commercial,Transactional,Non-branded,Non-local"
408,carte marine open source,fr,,10,,,,,,10,,,2017-03-22,,,,,,,,,,
409,carte marine en direct,fr,,10,,,,,,10,,,2016-04-26,,,,,,,,,,
410,carte marine aber wrac'h,fr,,10,,,,,,10,,,2015-09-23,,,,,,,,,,
411,carte marine marine le breton,fr,,10,,,,,,10,,,2023-12-10,,,,,,,,,,
412,carte marine golfe de saint tropez,fr,,10,0.20,,,,,10,,,2016-11-20,,,,,,,,,,
413,carte marine ile de sein,fr,,10,,,,,,10,,,2015-09-29,,,,,,,,,,
414,semaphore carte marine,fr,,10,,,,,,10,,,2016-04-22,,,,,,,,,,
415,carte marine pirate,fr,,10,,,,,,10,,,2015-10-27,,,,,,,,,,"Informational,Commercial,Non-branded,Non-local"
416,golfe du morbihan carte marine,fr,,10,,1.2,,,,20,,,2015-11-05,,,,,,,,,,
417,geoportail carte marine,fr,20,10,,1.28,carte marine,2025-09-23 04:51:01,,10,2900,2900,2015-09-13,0.48,0.52,-25,-88.71,-82.08,-25,-88.71,-82.08,,"Informational,Branded,Non-local"
418,carte marine ile de batz,fr,,10,,,,,,10,,,2016-08-06,,,,,,,,,,
419,telecharger carte marine gratuite,fr,,10,,1.27,,,,10,,,2015-12-31,,,,,,,,,,"Informational,Non-branded,Non-local"
420,tracer une route sur carte marine,fr,,10,,,,,,10,,,2016-03-02,,,,,,,,,,
421,carte marine loire atlantique,fr,,10,,,,,,10,,,2015-12-23,,,,,,,,,,
422,carte marine golf de gascogne,fr,,10,,,,,,10,,,2015-10-15,,,,,,,,,,
423,carte sous marine mediterranee,fr,,10,,,,,,10,,,2019-05-23,,,,,,,,,,
424,carte marine xviie siècle,fr,,,,,,,,,,,2016-09-21,,,,,,,,,,
425,carte marine de madagascar,fr,,,,,,,,,,,2016-08-16,,,,,,,,,,
426,courant carte marine,fr,,,,,,,,,,,2016-07-11,,,,,,,,,,
427,carte marine banc de guerande,fr,,,,,,,,,,,2018-09-06,,,,,,,,,,
428,carte marine baie lancieux,fr,,,,,,,,,,,2016-04-06,,,,,,,,,,
429,tracé carte marine,fr,,,,,,,,,,,2016-01-07,,,,,,,,,,
430,carte marine océan indien,fr,,,,,,,,,,,2015-12-05,,,,,,,,,,
431,carte marine navicarte chartkit,fr,,,,,,,,,,,2015-11-06,,,,,,,,,,
432,carte marine golfe,fr,,,,,,,,,,,2016-08-24,,,,,,,,,,
433,carte marine baie de marseille,fr,,,,,,,,,,,2015-12-12,,,,,,,,,,
434,carte marine sur carte sd,fr,,,,,,,,,,,2016-10-10,,,,,,,,,,
435,carte marine caraibes,fr,,,,,,,,,,,2015-10-06,,,,,,,,,,"Informational,Commercial,Transactional,Non-branded,Local"
436,ou acheter carte marine,fr,,,0.15,,,,,,,,2015-09-13,,,,,,,,,,
437,carte marine glénan,fr,,,,,,,,,,,2016-07-16,,,,,,,,,,
438,carte marine traffic,fr,,,,,,,,,,,2016-07-12,,,,,,,,,,"Informational,Navigational,Non-branded,Non-local"
439,carte marine valras plage,fr,,,,,,,,,,,2016-03-13,,,,,,,,,,
440,decoration carte marine,fr,,,,,,,,,,,2016-01-10,,,,,,,,,,
441,carte risque submersion marine france,fr,,,,,,,,,,,2022-08-03,,,,,,,,,,
442,carte marine 504,fr,,,,,,,,,,,2018-04-25,,,,,,,,,,
443,carte marine 7033,fr,,,,,,,,,,,2016-07-31,,,,,,,,,,
444,carte blanche de marine le pen,fr,,,,,,,,,,,2017-05-03,,,,,,,,,,
445,carte marine de dieppe,fr,,,,,,,,,,,2017-09-25,,,,,,,,,,
446,carte marine golfe de fréjus,fr,,,,,,,,,,,2016-06-28,,,,,,,,,,
447,noaa carte marine,fr,,,,,,,,,,,2016-03-01,,,,,,,,,,
448,mise a jour carte marine,fr,,,,,,,,,,,2016-01-16,,,,,,,,,,
449,poster carte marine,fr,,,,,,,,,,,2015-10-29,,,,,,,,,,
450,carte marine niolon,fr,,,,,,,,,,,2017-09-25,,,,,,,,,,
451,mappy carte marine,fr,,,,,,,,,,,2016-04-01,,,,,,,,,,
452,carte marine 7154,fr,,,,,,,,,,,2016-03-29,,,,,,,,,,
453,carte marine île d'yeu,fr,,,,,,,,,,,2015-09-09,,,,,,,,,,
454,carte marine plouguerneau,fr,,,,,,,,,,,2016-08-01,,,,,,,,,,
455,marine vignes absente de meteo a la carte,fr,,,,,,,,,,,2021-12-02,,,,,,,,,,
456,carte brise marine carqueiranne,fr,,,,,,,,,,,2023-07-13,,,,,,,,,,
457,carte risque submersion marine morbihan,fr,,,,,,,,,,,2015-10-01,,,,,,,,,,
458,carte marine cote varoise,fr,,,,,,,,,,,2016-03-31,,,,,,,,,,
459,carte marine la grande motte,fr,,,,,,,,,,,2016-03-26,,,,,,,,,,
460,carte marine de la rade de marseille,fr,,,,,,,,,,,2015-11-09,,,,,,,,,,
461,carte marine saint cast guildo,fr,,,,,,,,,,,2017-06-19,,,,,,,,,,
462,ruliano des bois carte marine,fr,,,,,,,,,,,2023-08-27,,,,,,,,,,
463,carte marine ancienne tatouage,fr,,,,,,,,,,,2017-10-27,,,,,,,,,,
464,carte marine bréhat,fr,,,,,,,,,,,2015-10-20,,,,,,,,,,
465,carte marine maddalena,fr,,,,,,,,,,,2016-06-17,,,,,,,,,,
466,carte marine carro carry,fr,,,,,,,,,,,2017-09-11,,,,,,,,,,
467,carte zone meteo marine atlantique,fr,,,,,,,,,,,2016-06-23,,,,,,,,,,
468,partenaires carte marine loisirs brest,fr,,,,,,,,,,,2015-11-26,,,,,,,,,,
469,carte marine estartit,fr,,,,,,,,,,,2017-05-29,,,,,,,,,,
470,photo vieille carte marine,fr,,,,,,,,,,,2018-09-12,,,,,,,,,,
471,la marine montparnasse carte,fr,,,,,,,,,,,2016-07-02,,,,,,,,,,
472,tortue marine carte d'identité,fr,,,,,,,,,,,2019-02-27,,,,,,,,,,
473,carte marine bassin de thau,fr,,,,,,,,,,,2016-05-04,,,,,,,,,,
474,carte marine etang de salses,fr,,,,,,,,,,,2018-04-25,,,,,,,,,,
475,carte submersion marine charente-maritime,fr,,,,,,,,,,,2020-10-13,,,,,,,,,,
476,carte marine port la foret,fr,,,,,,,,,,,2016-06-02,,,,,,,,,,
477,carte marine le brusc,fr,,,,,,,,,,,2016-04-28,,,,,,,,,,
478,carte marine de l'ile de re,fr,,,,,,,,,,,2016-06-22,,,,,,,,,,
479,carte marine finistere nord,fr,,,,,,,,,,,2015-09-02,,,,,,,,,,"Informational,Non-branded,Local"
480,carte marine shom g,fr,,,,,,,,,,,2018-08-18,,,,,,,,,,
481,carte marine morgat,fr,,,,,,,,,,,2016-04-13,,,,,,,,,,
482,carte marine baie mont saint michel,fr,,,,,,,,,,,2015-11-15,,,,,,,,,,
483,cg sur carte marine,fr,,,,,,,,,,,2018-01-17,,,,,,,,,,
484,table à carte marine,fr,,,,,,,,,,,2015-09-07,,,,,,,,,,
485,carte marine loisirs marseille,fr,,,,,,,,,,,2017-01-14,,,,,,,,,,
486,carte marine pour sondeur humminbird,fr,,,,,,,,,,,2016-07-27,,,,,,,,,,
487,carte marine glenans,fr,,,,,,,,,,,2016-08-26,,,,,,,,,,
488,cafe la marine carte,fr,,,,,,,,,,,2016-01-26,,,,,,,,,,
489,carte postale marine de guerre,fr,,,,,,,,,,,2016-05-25,,,,,,,,,,
490,carte bretagne marine,fr,,,,,,,,,,,2016-06-26,,,,,,,,,,
491,carte marine oziexplorer,fr,,,,,,,,,,,2015-11-03,,,,,,,,,,
492,carte golfe morbihan marine,fr,,,,,,,,,,,2015-09-14,,,,,,,,,,
493,dq6 carte sous marine,fr,,,,,,,,,,,2017-05-10,,,,,,,,,,
494,se positionner sur une carte marine,fr,,,,,,,,,,,2015-12-22,,,,,,,,,,
495,lecteur de carte marine furuno,fr,,,,,,,,,,,2016-02-18,,,,,,,,,,
496,carte marine pour gps garmin,fr,,,0.15,1.45,,,,,,,2015-09-26,,,,,,,,,,"Informational,Commercial,Branded,Non-local"
497,carte marine gratuite bretagne nord,fr,,,,,,,,,,,2015-12-21,,,,,,,,,,
498,fibre optique sous marine carte,fr,,,,,,,,,,,2017-06-20,,,,,,,,,,
499,carte marine atlantique shom,fr,,,,,,,,,,,2015-12-29,,,,,,,,,,
500,carte marine penvenan,fr,,,,,,,,,,,2017-11-18,,,,,,,,,,
501,gps sondeur lecteur de carte marine,fr,,,,,,,,,,,2015-12-19,,,,,,,,,,
502,carte marine baie aigues mortes,fr,,,,,,,,,,,2015-10-18,,,,,,,,,,
503,legende carte meteo marine,fr,,,,,,,,,,,2017-05-10,,,,,,,,,,
504,carte marine pertuis charentais,fr,,,,,,,,,,,2017-10-10,,,,,,,,,,
505,carte de navigation marine garmin,fr,,,,,,,,,,,2016-02-28,,,,,,,,,,
506,geogarage carte marine,fr,,,,,,,,,,,2016-09-23,,,,,,,,,,
507,carte marine goulet de brest,fr,,,,,,,,,,,2016-05-06,,,,,,,,,,
508,carte marine rochefort,fr,,,,,,,,,,,2016-01-30,,,,,,,,,,
509,carte marine palavas,fr,,,,,,,,,,,2015-09-14,,,,,,,,,,
510,telecharger carte marine pour pc,fr,,,,,,,,,,,2016-05-11,,,,,,,,,,
511,carte marine le croisic belle ile,fr,,,,,,,,,,,2018-11-17,,,,,,,,,,
512,creperie la misaine sainte marine carte,fr,,,,,,,,,,,2021-09-04,,,,,,,,,,
513,carte marine st jean de monts,fr,,,,,,,,,,,2017-12-15,,,,,,,,,,
514,carte marine de l'ile d'yeu,fr,,,,,,,,,,,2016-05-09,,,,,,,,,,
515,carte marine ponteau,fr,,,,,,,,,,,2016-09-29,,,,,,,,,,
516,carte marine courant,fr,,,,,,,,,,,2016-11-08,,,,,,,,,,
517,carte marine 7419,fr,,,,,,,,,,,2017-08-04,,,,,,,,,,
518,france ultra marine carte,fr,,,,,,,,,,,2016-02-21,,,,,,,,,,
519,carte marine examen 9999,fr,,,,,,,,,,,2016-08-17,,,,,,,,,,
520,carte marine st nazaire,fr,,,,,,,,,,,2016-08-29,,,,,,,,,,
521,carte marine lanzarote,fr,,,,,,,,,,,2017-06-05,,,,,,,,,,
522,carte marine magellan,fr,,,,,,,,10,,,2015-09-04,,,,,,,,,,
523,carte marine micro sd,fr,,,,,,,,,,,2015-12-14,,,,,,,,,,
524,carte marine 7408,fr,,,,,,,,,,,2015-09-14,,,,,,,,,,
525,carte marine portugal,fr,,,,,,,,10,,,2015-09-06,,,,,,,,,,
526,carte marine mot fleche,fr,,,,,,,,,,,2018-09-21,,,,,,,,,,
527,carte marine golfe de fos sur mer,fr,,,,,,,,,,,2022-08-25,,,,,,,,,,
528,carte marine mer rouge,fr,,,,,,,,,,,2016-07-04,,,,,,,,,,
529,carte marine plateau de la banche,fr,,,,,,,,,,,2017-07-19,,,,,,,,,,
530,carte marine pêche,fr,,,,,,,,,,,2018-09-10,,,,,,,,,,
531,baie de douarnenez carte marine,fr,,,,,,,,,,,2015-09-05,,,,,,,,,,
532,signalisation carte marine,fr,,,,,,,,,,,2015-09-10,,,,,,,,,,
533,carte marine compact flash,fr,,,,,,,,,,,2016-01-19,,,,,,,,,,
534,carte marine encadrée,fr,,,,,,,,,,,2016-06-02,,,,,,,,,,
535,carte marine bassin arcachon 2020,fr,,,,,,,,,,,2021-04-15,,,,,,,,,,
536,chiffre sur carte marine,fr,,,,,,,,,,,2016-08-15,,,,,,,,,,
537,carte chasse sous marine finistere,fr,,,,,,,,,,,2016-04-23,,,,,,,,,,
538,carte marine des glenans,fr,,,,,,,,,,,2015-12-10,,,,,,,,,,
539,carte marine paper mario origami king,fr,,,,,,,,,,,2020-08-07,,,,,,,,,,
540,carte marine boulogne,fr,,,,,,,,,,,2016-03-14,,,,,,,,,,
541,space marine 2 carte graphique,fr,,,,,,,,,,,2024-09-24,,,,,,,,,,
542,carte marine bluechart g2,fr,,,,,,,,,,,2016-02-11,,,,,,,,,,
543,carte marine 7130,fr,,,,,,,,,,,2016-04-03,,,,,,,,,,
544,carte marine languedoc roussillon,fr,,,,,,,,,,,2015-12-07,,,,,,,,,,
545,carte marine pour opencpn android,fr,,,,,,,,,,,2016-01-16,,,,,,,,,,
546,carte zone chasse sous marine var,fr,,,,,,,,,,,2016-01-28,,,,,,,,,,
547,carte marine pénerf,fr,,,,,,,,,,,2016-01-06,,,,,,,,,,
548,relevement carte marine,fr,,,,,,,,,,,2016-12-09,,,,,,,,,,
549,carte marine rade d'hyères,fr,,,,,,,,,,,2018-07-01,,,,,,,,,,
550,carte marine de la baie de bourgneuf,fr,,,,,,,,,,,2015-09-20,,,,,,,,,,
551,carte marine épaves,fr,,,,,,,,,,,2016-01-03,,,,,,,,,,
552,carte marine baie morlaix,fr,,,,,,,,,,,2017-06-22,,,,,,,,,,
553,carte marine detroit de magellan,fr,,,,,,,,,,,2016-12-28,,,,,,,,,,
554,carte marine fosse capbreton,fr,,,,,,,,,,,2016-04-18,,,,,,,,,,
555,carte marine navionics android,fr,,,,,,,,,,,2015-09-13,,,,,,,,,,
556,carte marine saint vaast,fr,,,,,,,,,,,2017-08-07,,,,,,,,,,
557,la marine noirmoutier carte,fr,1,,,,la marine noirmoutier,,,,,,2016-08-05,,,,,,,,,,"Informational,Branded,Local"
558,carte de marine le pen,fr,,,,,,,,,,,2017-02-18,,,,,,,,,,
559,marine le breton carte marine,fr,,,,,,,,,,,2024-01-08,,,,,,,,,,
560,carte marine pointe saint mathieu,fr,,,,,,,,,,,2017-03-04,,,,,,,,,,
561,carte marine cap benat,fr,,,,,,,,,,,2018-05-13,,,,,,,,,,
562,carte marine vieux port marseille,fr,,,,,,,,,,,2018-02-01,,,,,,,,,,
563,carte marine port en bessin,fr,,,,,,,,,,,2016-09-29,,,,,,,,,,
564,carte marine electronique navionics,fr,,,,,,,,,,,2016-02-06,,,,,,,,,,
565,carte restaurant mimosa hôtel de la marine,fr,,,,,,,,,,,2021-10-25,,,,,,,,,,
566,zelda phantom hourglass carte marine nord-est,fr,,,,,,,,,,,2016-09-01,,,,,,,,,,
567,carte marine crete,fr,,,,,,,,,,,2016-07-12,,,,,,,,,,
568,carte marine goulet brest,fr,,,,,,,,,,,2016-06-24,,,,,,,,,,
569,carte marine ebay,fr,,,,,,,,,,,2015-09-08,,,,,,,,,,
570,comment faire le cap sur une carte marine,fr,,,,,,,,,,,2016-11-17,,,,,,,,,,
571,extrait de carte marine,fr,,,,,,,,,,,2016-08-18,,,,,,,,,,
572,carte marine lire,fr,,,,,,,,,,,2017-08-28,,,,,,,,,,
573,carte marine de france,fr,,,,,,,,,,,2015-10-20,,,,,,,,,,
574,logiciel carte marine maxsea,fr,,,,,,,,,,,2016-08-17,,,,,,,,,,
575,carte marine saint malo jersey,fr,,,,,,,,,,,2016-04-29,,,,,,,,,,
576,carte marine sonde positive,fr,,,,,,,,,,,2016-09-29,,,,,,,,,,
577,carte marine bastia,fr,,,,,,,,,,,2017-06-07,,,,,,,,,,
578,calculer distance carte marine,fr,,,,,,,,,,,2015-10-30,,,,,,,,,,
579,estime carte marine,fr,,,,,,,,,,,2017-06-29,,,,,,,,,,
580,carte marine officielle gratuite,fr,,,,,,,,,,,2021-05-22,,,,,,,,,,
581,carte marine sable d'olonne,fr,,,,,,,,,,,2018-08-15,,,,,,,,,,
582,carte marine électronique,fr,,,,,,,,,,,2015-11-14,,,,,,,,,,"Informational,Commercial,Non-branded,Non-local"
583,carte submersion marine penmarch,fr,,,,,,,,,,,2016-01-17,,,,,,,,,,
584,carte marine de l'atlantique,fr,,,,,,,,,,,2017-05-02,,,,,,,,,,
585,carte marine 7032,fr,,,,,,,,,,,2015-12-09,,,,,,,,,,
586,carte marine globe,fr,,,,,,,,,,,2016-12-25,,,,,,,,,,
587,carte marine ancienne monde,fr,,,,,,,,,,,2018-07-13,,,,,,,,,,
588,telecharger carte marine pour gps,fr,,,,,,,,,,,2016-01-16,,,,,,,,,,
589,carte marine le touquet,fr,,,,,,,,,,,2016-07-06,,,,,,,,,,
590,carte marine pour tablette samsung,fr,,,,,,,,,,,2015-11-08,,,,,,,,,,
591,carte d'identité marine le pen,fr,,,,,,,,,,,2017-01-18,,,,,,,,,,
592,carte marine cote espagnole atlantique,fr,,,,,,,,,,,2017-05-03,,,,,,,,,,
593,carte marine iles ioniennes,fr,,,,,,,,,,,2017-05-13,,,,,,,,,,
594,geoportail bretagne carte marine,fr,,,,,,,,,,,2015-10-08,,,,,,,,,,
595,carte des profondeur sous marine bandol,fr,,,,,,,,,,,2016-11-04,,,,,,,,,,
596,impression carte marine,fr,,,,,,,,,,,2016-05-17,,,,,,,,,,
597,carte marine gratuite tinduff,fr,,,,,,,,,,,2019-04-09,,,,,,,,,,
598,archipel des glenans carte marine,fr,,,,0.93,,,,,,,2015-09-07,,,,,,,,,,
599,carte marine grèce gratuite,fr,,,,,,,,,,,2019-05-21,,,,,,,,,,
600,carte marine opencpn,fr,,,,1.14,,,,,,,2015-09-09,,,,,,,,,,"Informational,Branded,Non-local"
601,carte marine numérique gratuite,fr,,,,,,,,,,,2016-10-31,,,,,,,,,,
602,poster carte marine ancienne,fr,,,,,,,,,,,2015-12-14,,,,,,,,,,
603,carte marine menton,fr,,,,,,,,,,,2015-09-05,,,,,,,,,,
604,carte marine elorn,fr,,,,,,,,,,,2017-04-27,,,,,,,,,,
605,carte marine de cancale,fr,,,,,,,,,,,2017-03-02,,,,,,,,,,
606,carte la marine rennes,fr,,,,,,,,,,,2016-11-09,,,,,,,,,,
607,carte marine loran,fr,,,,,,,,,,,2016-02-19,,,,,,,,,,
608,carte marine méditerranée occidentale,fr,,,,,,,,,,,2016-02-08,,,,,,,,,,
609,carte marine cap de la hague,fr,,,,,,,,,,,2016-01-16,,,,,,,,,,
610,carte marine imaginaire,fr,,,,,,,,,,,2015-11-09,,,,,,,,,,
611,carte marine beautemps beaupre,fr,,,,,,,,,,,2015-09-02,,,,,,,,,,
612,carte marine dielette,fr,,,,,,,,,,,2016-05-31,,,,,,,,,,
613,distance sur carte marine,fr,,,,,,,,,,,2015-09-06,,,,,,,,,,
614,carte marine 7252,fr,,,,,,,,,,,2017-05-30,,,,,,,,,,
615,carte marine android gratuit,fr,,,,,,,,,,,2015-09-29,,,,,,,,,,
616,carte marine marennes,fr,,,,,,,,,,,2016-08-24,,,,,,,,,,
617,carte marine cote,fr,,,,,,,,,,,2016-02-09,,,,,,,,,,
618,maxsea carte marine,fr,,,,,,,,,,,2015-10-13,,,,,,,,,,
619,tracer sa route sur une carte marine,fr,,,,,,,,,,,2016-03-17,,,,,,,,,,
620,carte marine dk bus,fr,,,,,,,,,,,2016-02-10,,,,,,,,,,
621,carte marine formentera,fr,,,,,,,,,,,2016-08-29,,,,,,,,,,
622,symbol carte marine,fr,,,,,,,,,,,2016-08-23,,,,,,,,,,
623,carte marine chaussée de sein,fr,,,,,,,,,,,2015-12-25,,,,,,,,,,
624,carte marine loisir toulon,fr,,,,,,,,,,,2016-09-03,,,,,,,,,,
625,carte marine gratuite groix,fr,,,,,,,,,,,2016-06-24,,,,,,,,,,
626,carte marine cap ferret,fr,,,,,,,,,,,2015-12-27,,,,,,,,,,
627,longitude carte marine,fr,,,,,,,,,,,2016-06-20,,,,,,,,,,
628,carte monde avec altitude sous marine,fr,,,,,,,,,,,2019-12-19,,,,,,,,,,
629,le bal de la marine carte,fr,,,,,,,,,,,2018-05-20,,,,,,,,,,
630,carte de visite gratuite marine,fr,,,,,,,,,,,2019-03-04,,,,,,,,,,
631,vieille carte marine brest,fr,,,,,,,,,,,2016-02-09,,,,,,,,,,
632,carte marine numerisée,fr,,,,,,,,,,,2017-05-22,,,,,,,,,,
633,peinture carte marine,fr,,,,,,,,,,,2016-01-27,,,,,,,,,,
634,anpm carte marine,fr,,,,,,,,,,,2018-01-14,,,,,,,,,,
635,carte submersion marine morbihan,fr,,,,0.92,,,,,,,2016-05-09,,,,,,,,,,
636,carte marine estuaire loire,fr,,,,,,,,,,,2015-11-16,,,,,,,,,,
637,faire un point sur une carte marine,fr,,,,2.61,,,,,,,2015-09-28,,,,,,,,,,"Informational,Non-branded,Non-local"
638,carte marine ile vierge,fr,,,,,,,,,,,2015-09-30,,,,,,,,,,
639,carte marine ciotat,fr,,,,,,,,,,,2017-03-11,,,,,,,,,,
640,carte marine monstre,fr,,,,,,,,,,,2019-02-04,,,,,,,,,,
641,carte marine de la sardaigne,fr,,,,,,,,,,,2015-12-17,,,,,,,,,,
642,carte marine sonde soulignée,fr,,,,,,,,,,,2016-08-02,,,,,,,,,,
643,voile et voilier carte marine,fr,,,,,,,,,,,2017-10-27,,,,,,,,,,
644,fond ecran carte marine,fr,,,,,,,,,,,2015-09-19,,,,,,,,,,
645,carte marine decathlon,fr,,,,,,,,,,,2016-05-16,,,,,,,,,,
646,pochette etanche carte marine,fr,,,,,,,,,,,2016-06-06,,,,,,,,,,
647,carte de pêche réserve marine réunion,fr,,,,,,,,10,,,2023-05-13,,,,,,,,,,
648,carte marine des epaves morbihan,fr,,,,,,,,,,,2016-01-30,,,,,,,,,,
649,telecharger carte marine navionics,fr,,,,1.4,,,,,,,2015-10-05,,,,,,,,,,"Informational,Branded,Non-local"
650,gps portable avec carte marine,fr,,,,,,,,,,,2016-06-29,,,,,,,,,,
651,brest carte marine,fr,,,,,,,,,,,2017-09-26,,,,,,,,,,
652,carte zones météo marine,fr,,,,,,,,,,,2015-12-11,,,,,,,,,,
653,carte marine sausset les pins,fr,,,,,,,,,,,2016-02-28,,,,,,,,,,
654,carte marine app,fr,,,,,,,,,,,2019-07-03,,,,,,,,,,
655,carte marine lecture,fr,,,,,,,,,,,2016-09-19,,,,,,,,,,
656,carte marine port vendres,fr,,,,,,,,,,,2015-09-26,,,,,,,,,,
657,carte marine bassin d'arcachon telecharger,fr,,,,,,,,,,,2015-09-28,,,,,,,,,,
658,open cpn carte marine,fr,,,,,,,,,,,2016-05-04,,,,,,,,,,
659,carte marine de peche,fr,,,,,,,,,,,2017-05-16,,,,,,,,,,
660,lecture carte marine pdf,fr,,,,,,,,,,,2015-12-01,,,,,,,,,,
661,carte marine antique europe,fr,,,,,,,,,,,2016-04-27,,,,,,,,,,
662,carte pass pass dk bus marine,fr,,,,,,,,,,,2016-08-04,,,,,,,,,,
663,carte marine relief,fr,,,,,,,,,,,2015-11-09,,,,,,,,,,
664,carte marine le pen,fr,,,,,,,,,,,2016-11-27,,,,,,,,,,
665,carte bleu marine,fr,,,,,,,,,,,2015-12-13,,,,,,,,,,
666,carte carte marine calanques,fr,,,,,,,,,,,2024-08-21,,,,,,,,,,
667,avantage carte marine loisir brest,fr,0,,,1.19,famille de marin,2025-10-12 05:02:43,,10,1100,1100,2015-10-08,0.81,0.19,,,,,,,,"Informational,Branded,Local"
668,lire une carte marine profondeur,fr,,,,,,,,,,,2018-08-15,,,,,,,,,,
669,carte marine cap sicie,fr,,,,,,,,,,,2016-07-19,,,,,,,,,,
670,carte de voeux marine nationale,fr,,,,,,,,,,,2016-09-17,,,,,,,,,,
671,carte marine de la lagune de venise,fr,,,,,,,,,,,2016-05-24,,,,,,,,,,
672,carte marine shom legende,fr,,,,,,,,,,,2016-05-28,,,,,,,,,,
673,se reperer sur une carte marine,fr,,,,,,,,,,,2015-12-15,,,,,,,,,,
674,carte marine jard sur mer,fr,,,,,,,,,,,2015-10-11,,,,,,,,,,
675,la marine des goudes carte,fr,,,,1.19,,,,,,,2016-08-23,,,,,,,,,,"Informational,Branded,Local"
676,chaussée de sein carte marine,fr,,,,,,,,,,,2015-11-02,,,,,,,,,,
677,carte marine de l'étang de thau,fr,,,,,,,,,,,2015-12-20,,,,,,,,,,
678,carte marine estran,fr,,,,,,,,,,,2016-05-05,,,,,,,,,,
679,carte marine lannion,fr,,,,,,,,,,,2015-11-10,,,,,,,,,,
680,carte marine a telecharger gratuitement,fr,,,,,,,,,,,2015-10-05,,,,,,,,,,
681,carte marine ancienne hyeres,fr,,,,,,,,,,,2015-11-10,,,,,,,,,,
682,carte marine 2018,fr,,,,,,,,,,,2018-01-17,,,,,,,,,,
683,carte marine avec profondeur,fr,,,,,,,,,,,2017-09-14,,,,,,,,,,
684,meilleur appli carte marine,fr,,,,,,,,,,,2016-03-02,,,,,,,,,,
685,carte marine garmin bluechart g2 vision regular,fr,,,,,,,,,,,2017-02-22,,,,,,,,,,
686,carte marine llanca,fr,,,,,,,,,,,2016-07-21,,,,,,,,,,
687,marine vignes meteo à la carte,fr,,,,,,,,,,,2016-01-01,,,,,,,,,,
688,carte marine draenique wow,fr,,,,1.64,,,,,,,2015-09-11,,,,,,,,,,"Informational,Branded,Non-local"
689,carte marine epave,fr,,,,,,,,,,,2016-04-04,,,,,,,,,,
690,comment obtenir carte marine loisirs,fr,,,,,,,,,,,2017-08-05,,,,,,,,,,
691,carte marine canaries,fr,,,,,,,,,,,2015-09-05,,,,,,,,,,
692,carte marine corse continent,fr,,,,,,,,,,,2017-03-17,,,,,,,,,,
693,calcul echelle carte marine,fr,,,,,,,,,,,2016-05-18,,,,,,,,,,
694,pochette carte marine,fr,,,,,,,,,,,2017-03-07,,,,,,,,,,
695,carte marine détroit de gibraltar,fr,,,,,,,,,,,2018-03-28,,,,,,,,,,
696,carte marine blaye,fr,,,,,,,,,,,2016-09-14,,,,,,,,,,
697,carte marine ancienne aigues mortes,fr,,,,,,,,,,,2017-04-22,,,,,,,,,,
698,carte marine dieppe gratuite,fr,,,,,,,,,,,2016-03-19,,,,,,,,,,
699,carte marine sousse,fr,,,,,,,,,,,2017-08-07,,,,,,,,,,
700,la rochelle carte marine,fr,,,,,,,,,,,2016-06-04,,,,,,,,,,
701,carte marine en bois,fr,,,,,,,,,,,2024-05-06,,,,,,,,,,
702,monstre carte marine,fr,,,,,,,,,,,2016-09-30,,,,,,,,,,
703,carte chasse sous-marine,fr,,,,,,,,,,,2021-04-19,,,,,,,,,,
704,carte marine brest gratuite,fr,,,,,,,,,,,2015-09-27,,,,,,,,,,
705,carte marine gratuite pour iphone,fr,,,,,,,,,,,2015-09-13,,,,,,,,,,
706,carte marine cote de nacre,fr,,,,,,,,,,,2017-11-21,,,,,,,,,,
707,carte marine gratuite a imprimer,fr,,,,,,,,,,,2015-09-19,,,,,,,,,,
708,carte marine shom 7053,fr,,,,,,,,,,,2015-11-29,,,,,,,,,,
709,carte marine golfe de saint florent,fr,,,,,,,,,,,2016-04-17,,,,,,,,,,
710,carte marine pertuis breton,fr,,,,,,,,,,,2015-11-22,,,,,,,,,,
711,carte marine loisir utilisable apres divorce ?,fr,,,,,,,,,,,2017-04-03,,,,,,,,,,
712,carte marine mapsource,fr,,,,,,,,,,,2016-08-06,,,,,,,,,,
713,carte marine mer de la manche,fr,,,,,,,,,,,2015-10-05,,,,,,,,,,
714,carte pour gps marine,fr,,,,,,,,,,,2016-01-11,,,,,,,,,,
715,carte marine cotière,fr,,,,,,,,,,,2016-02-26,,,,,,,,,,
716,carte marine pa,fr,,,,,,,,,,,2017-08-17,,,,,,,,,,
717,carte technique space marine,fr,,,,,,,,,,,2017-08-07,,,,,,,,,,
718,carte marine penerf,fr,,,,,,,,,,,2016-01-29,,,,,,,,,,
719,carte marine penmarch,fr,,,,,,,,10,,,2015-11-27,,,,,,,,,,
720,carte marine monte cristo,fr,,,,,,,,,,,2016-07-07,,,,,,,,,,
721,carte marine plongée,fr,,,,,,,,,,,2018-02-18,,,,,,,,,,
722,carte sous marine manche,fr,,,,,,,,,,,2017-06-17,,,,,,,,,,
723,gps lecteur de carte marine occasion,fr,,,,,,,,,,,2015-09-15,,,,,,,,,,
724,mesurer distance carte marine,fr,,,,,,,,,,,2015-10-16,,,,,,,,,,
725,carte marine golfe saronique,fr,,,,,,,,,,,2017-03-12,,,,,,,,,,
726,carte marine 7066l pliante,fr,,,,,,,,,,,2016-08-23,,,,,,,,,,
727,carte marine occasion,fr,,,,,,,,,,,2015-09-07,,,,,,,,,,"Commercial,Transactional,Non-branded,Non-local"
728,utiliser une carte marine,fr,,,,,,,,,,,2016-05-31,,,,,,,,,,
729,carte marine lezardrieux,fr,,,,,,,,,,,2015-12-14,,,,,,,,,,
730,etui etanche carte marine,fr,,,,,,,,,,,2017-01-25,,,,,,,,,,
731,carte sous marine lac du bourget,fr,,,,,,,,,,,2017-12-10,,,,,,,,,,
732,carte marine avec coordonnées,fr,,,,,,,,,,,2017-11-12,,,,,,,,,,
733,carte marine paulilles,fr,,,,,,,,,,,2017-05-22,,,,,,,,,,
734,carte marine du bassin d'arcachon gratuite,fr,,,,,,,,,,,2017-07-17,,,,,,,,,,
735,sondes carte marine,fr,,,,,,,,,,,2015-12-07,,,,,,,,,,
736,carte marine belle île,fr,,,,,,,,,,,2016-04-25,,,,,,,,,,
737,carte marine yeu,fr,,,,,,,,,,,2016-05-12,,,,,,,,,,
738,carte marine martinique grenadines,fr,,,,,,,,,,,2017-01-16,,,,,,,,,,
739,carte marine pour helix 5,fr,,,,,,,,,,,2021-08-26,,,,,,,,,,
740,carte marine golfe du morbihan détaillée,fr,,,,,,,,,,,2015-09-20,,,,,,,,,,
741,carte marine la trinité,fr,,,,,,,,,,,2016-08-20,,,,,,,,,,
742,carte marine gratuite nouvelle-calédonie,fr,,,,,,,,20,,,2021-12-14,,,,,,,,,,
743,carte postale marine b,fr,,,,,,,,,,,2015-12-30,,,,,,,,,,
744,marine le pen en carte pokemon,fr,,,,,,,,,,,2017-03-25,,,,,,,,,,
745,marine lebreton carte,fr,,,,,,,,,,,2024-01-09,,,,,,,,,,
746,carte marine gratuite pour android,fr,,,,,,,,,,,2015-09-04,,,,,,,,,,
747,carte marine crouesty,fr,,,,,,,,,,,2016-01-01,,,,,,,,,,
748,carte marine arzal,fr,,,,,,,,,,,2017-12-14,,,,,,,,,,
749,carte marine du golf du morbihan,fr,,,,,,,,,,,2016-03-13,,,,,,,,,,
750,lexique carte marine,fr,,,,,,,,,,,2016-05-16,,,,,,,,,,
751,carte marine gratuite atlantique,fr,,,,,,,,,,,2016-08-24,,,,,,,,,,
752,carte marine sainte lucie,fr,,,,,,,,,,,2015-09-09,,,,,,,,,,
753,initiation lecture carte marine,fr,,,,,,,,,,,2016-05-05,,,,,,,,,,
754,carte marine de loire,fr,,,,,,,,,,,2017-05-30,,,,,,,,,,
755,carte marine de quiberon au croisic,fr,,,,,,,,,,,2015-10-04,,,,,,,,,,
756,gps lecteur carte marine,fr,,,,,,,,,,,2015-09-13,,,,,,,,,,
757,marseille carte marine,fr,,,,,,,,,,,2017-05-24,,,,,,,,,,
758,carte marine 7425,fr,,,,,,,,,,,2016-05-29,,,,,,,,,,
759,application gratuite carte marine,fr,,,,,,,,,,,2016-03-07,,,,,,,,,,
760,carte marine giens,fr,,,,,,,,,,,2016-04-28,,,,,,,,,,
761,tomtom carte marine,fr,,,,,,,,,,,2016-03-15,,,,,,,,,,
762,carte marine shom calanques,fr,,,,,,,,,,,2015-10-08,,,,,,,,,,
763,carte collegienne seine marine,fr,,,,,,,,,,,2017-09-06,,,,,,,,,,
764,carte marine de l'odet,fr,,,,,,,,,,,2016-08-21,,,,,,,,,,
765,carte marine goulet,fr,,,,,,,,,,,2016-09-24,,,,,,,,,,
766,carte pokémon marine lepen,fr,,,,,,,,,,,2018-04-28,,,,,,,,,,
767,café la marine porto vecchio carte,fr,,,,,,,,,,,2015-10-03,,,,,,,,,,
768,carte marine blondel,fr,,,,,,,,,,,2015-09-27,,,,,,,,,,
769,marine des goudes carte,fr,,,,,,,,,,,2018-09-20,,,,,,,,,,
770,carte marine sur gps routier,fr,,,,,,,,,,,2015-11-09,,,,,,,,,,
771,carte marine gratuite ouessant,fr,,,,,,,,,,,2016-04-07,,,,,,,,,,
772,lire un carte marine,fr,,,,,,,,,,,2018-02-15,,,,,,,,,,
773,carte marine achat,fr,,,,,,,,,,,2016-03-07,,,,,,,,,,
774,carte marine loire,fr,,,,,,,,,,,2017-06-23,,,,,,,,,,
775,carte marine aix,fr,,,,,,,,,,,2017-03-25,,,,,,,,,,
776,carte marine omonville la rogue,fr,,,,,,,,,,,2017-03-25,,,,,,,,,,
777,carte marine wk,fr,,,,,,,,,,,2016-05-20,,,,,,,,,,
778,première carte marine,fr,,,,,,,,,,,2015-12-01,,,,,,,,,,
779,carte marine rangiroa,fr,,,,,,,,,,,2017-02-20,,,,,,,,,,
780,carte marine artisanale,fr,,,,,,,,,,,2018-08-03,,,,,,,,,,
781,carte marine porto vecchio gratuite,fr,,,,,,,,,,,2021-10-01,,,,,,,,,,
782,amazon carte marine,fr,,,,,,,,,,,2015-10-27,,,,,,,,,,
783,carte marine de sete,fr,,,,,,,,,,,2016-08-13,,,,,,,,,,
784,carte marine noirmoutier en l'ile,fr,,,,,,,,,,,2016-03-09,,,,,,,,,,
785,carte marine soulac sur mer,fr,,,,,,,,,,,2016-08-15,,,,,,,,,,
786,bistrot de la marine carte,fr,,,,,,,,,,,2016-06-18,,,,,,,,,,
787,carte marine quebec gratuite,fr,,,,,,,,,,,2020-07-02,,,,,,,,,,
788,carte marine navionics occasion,fr,,,,,,,,,,,2017-05-19,,,,,,,,,,
789,etang de thau carte marine,fr,,,,,,,,,,,2017-01-31,,,,,,,,,,
790,carte marine nord bretagne,fr,,,,,,,,,,,2016-05-18,,,,,,,,,,
791,dragon quest 8 carte marine,fr,,,,,,,,,,,2016-12-25,,,,,,,,,,
792,carte rassemblement bleu marine,fr,,,,,,,,,,,2015-09-27,,,,,,,,,,
793,phare sur carte marine,fr,,,,,,,,,,,2016-08-30,,,,,,,,,,
794,carte marine costa brava,fr,,,,,,,,,,,2015-09-26,,,,,,,,,,
795,carte marine baie saint brieuc,fr,,,,,,,,,,,2016-05-19,,,,,,,,,,
796,consultation carte marine en ligne,fr,,,,,,,,,,,2015-10-05,,,,,,,,,,
797,carte marine shom antilles,fr,,,,,,,,,,,2017-07-01,,,,,,,,,,
798,carte marine mediterranee occidentale gratuite,fr,,,,,,,,,,,2016-09-02,,,,,,,,,,
799,tatoo carte marine,fr,,,,,,,,,,,2017-08-24,,,,,,,,,,
800,carte du monde marine,fr,,,,,,,,,,,2015-10-30,,,,,,,,,,
801,carte marine riec sur belon,fr,,,,,,,,,,,2017-05-20,,,,,,,,,,
802,calcul de distance sur carte marine,fr,,,,,,,,,,,2016-02-21,,,,,,,,,,
803,carte marine gratuite la rochelle,fr,,,,,,,,,,,2015-09-20,,,,,,,,,,
804,carte marine des epaves,fr,,,,,,,,,,,2015-12-31,,,,,,,,,,
805,carte raster marine,fr,,,,,,,,,,,2016-06-14,,,,,,,,,,
806,telecharger carte marine opencpn,fr,,,,,,,,,,,2017-05-18,,,,,,,,,,
807,carte marine manche shom,fr,,,,,,,,,,,2016-12-01,,,,,,,,,,
808,carte marine villefranche sur mer,fr,,,,,,,,,,,2016-09-05,,,,,,,,,,
809,carte marine 1850,fr,,,,,,,,,,,2017-07-21,,,,,,,,,,
810,carte marine canet en roussillon,fr,,,,,,,,,,,2016-09-09,,,,,,,,,,
811,vote marine le pen carte,fr,,,,,,,,,,,2017-06-19,,,,,,,,,,
812,carte marine en temps reel,fr,,,,,,,,,,,2015-10-10,,,,,,,,,,"Informational,Non-branded,Non-local"
813,comment tracer sa route sur une carte marine,fr,,,,,,,,,,,2016-05-16,,,,,,,,,,
814,carte marine saint barth,fr,,,,,,,,,,,2015-10-15,,,,,,,,,,
815,carte marine open,fr,,,,,,,,,,,2017-06-09,,,,,,,,,,
816,carte marine boussole,fr,,,,,,,,,,,2015-10-22,,,,,,,,,,
817,carte marine informatiques,fr,,,,,,,,,,,2017-06-07,,,,,,,,,,
818,carte marine maritime,fr,,,,,,,,,,,2018-05-10,,,,,,,,,,
819,carte de submersion marine,fr,,,,,,,,,,,2016-02-24,,,,,,,,,,
820,carte marine marseille st tropez,fr,,,,,,,,,,,2016-05-20,,,,,,,,,,
821,ou trouver carte marine,fr,,,,,,,,,,,2015-10-19,,,,,,,,,,
822,carte marine pyrenees orientales,fr,,,,,,,,,,,2015-10-07,,,,,,,,,,
823,carte marine ile de riou,fr,,,,,,,,,,,2015-12-17,,,,,,,,,,
824,carte marine molene gratuite,fr,,,,,,,,,,,2018-02-12,,,,,,,,,,
825,carte marine clipperton,fr,,,,,,,,,,,2017-11-27,,,,,,,,,,
826,carte marine pour permis hauturier,fr,,,,,,,,,,,2016-06-01,,,,,,,,,,
827,carte submersion marine finistere,fr,,,,1.45,,,,,,,2015-10-07,,,,,,,,,,"Informational,Non-branded,Local"
828,restaurant la marine paris carte,fr,,,,,,,,,,,2017-09-16,,,,,,,,,,
829,carte marine planier,fr,,,,,,,,,,,2017-10-17,,,,,,,,,,
830,acheter carte marine shom,fr,,,,,,,,,,,2015-11-07,,,,,,,,,,
831,carte marine port medoc,fr,,,,,,,,,,,2017-05-11,,,,,,,,,,
832,carte marine cerbère,fr,,,,,,,,,,,2017-02-01,,,,,,,,,,
833,carte marine navionics gold small 2,fr,,,,,,,,,,,2016-12-20,,,,,,,,,,
834,carte marine les sables d'olonne gratuit,fr,,,,,,,,,,,2018-08-07,,,,,,,,,,
835,carte postale marine francaise,fr,,,,,,,,,,,2015-10-11,,,,,,,,,,
836,tuto carte marine,fr,,,,,,,,,,,2016-05-02,,,,,,,,,,
837,carte marine toulon porquerolles,fr,,,,,,,,,,,2016-04-14,,,,,,,,,,
838,carte marine seychelles,fr,,,,,,,,,,,2015-10-10,,,,,,,,,,
839,dragon quest 6 carte sous marine,fr,,,,,,,,,,,2016-03-18,,,,,,,,,,
840,carte marine 7138,fr,,,,,,,,,,,2016-04-23,,,,,,,,,,
841,garmin marine carte,fr,,,,,,,,,,,2017-12-02,,,,,,,,,,
842,anpm carte marine gratuite,fr,,,,,,,,,,,2017-03-13,,,,,,,,,,
843,carte marine navicarte gratuite,fr,,,0.25,,,,,,,,2017-10-02,,,,,,,,,,
844,image de carte marine,fr,,,,,,,,,,,2019-07-14,,,,,,,,,,
845,marine le pen carte,fr,,,,,,,,,,,2016-02-08,,,,,,,,,,
846,carte marine argentine,fr,,,,,,,,,,,2018-05-02,,,,,,,,,,
847,carte marine wow,fr,,,,,,,,,,,2015-09-02,,,,,,,,,,
848,carte marine english channel,fr,,,,,,,,,,,2016-03-21,,,,,,,,,,
849,carte marine traceur,fr,,,,,,,,,,,2015-11-19,,,,,,,,,,
850,henri le navigateur carte marine,fr,,,,,,,,,,,2016-07-23,,,,,,,,,,
851,carte marine cote d'emeraude,fr,,,,,,,,,,,2016-04-18,,,,,,,,,,
852,traceur de carte marine furuno,fr,,,,,,,,,,,2016-08-13,,,,,,,,,,
853,carte marine fouesnant,fr,,,,,,,,,,,2016-02-04,,,,,,,,,,
854,combrit ste marine carte,fr,,,,,,,,,,,2016-07-07,,,,,,,,,,
855,carte restaurant mimosa paris hotel de la marine,fr,,,,,,,,,,,2021-10-08,,,,,,,,,,
856,carte marine ramatuelle,fr,,,,,,,,,,,2016-02-05,,,,,,,,,,
857,carte marine petites antilles,fr,,,,,,,,,,,2015-11-02,,,,,,,,,,
858,rose des vents carte marine,fr,,,,,,,,,,,2016-01-18,,,,,,,,,,
859,carte marine mario paper,fr,,,,,,,,,,,2020-08-14,,,,,,,,,,
860,la marine paris 10 carte,fr,,,,,,,,,,,2016-08-24,,,,,,,,,,
861,carte postale marine nationale,fr,,,,,,,,,,,2016-04-11,,,,,,,,,,
862,carte marine anciennes,fr,,,,,,,,,,,2015-11-14,,,,,,,,,,
863,carte reserve marine mediterranee,fr,,,,,,,,,,,2016-08-02,,,,,,,,,,
864,carte marine tablette android,fr,,,,,,,,,,,2016-02-28,,,,,,,,,,
865,carte marine trestel,fr,,,,,,,,,,,2015-11-23,,,,,,,,,,
866,carte militaire marine nationale,fr,,,,,,,,,,,2015-09-26,,,,,,,,,,
867,exemple carte marine,fr,,,,,,,,,,,2017-10-07,,,,,,,,,,
868,carte marine cote bleu,fr,,,,,,,,,,,2015-09-21,,,,,,,,,,
869,carte submersion marine saint-malo,fr,,,,,,,,,,,2021-08-21,,,,,,,,,,
870,carte marine pour sondeur lowrance,fr,,,,,,,,,,,2017-08-22,,,,,,,,,,
871,carte marine penvins,fr,,,,,,,,,,,2017-08-20,,,,,,,,,,
872,carte marine prefailles,fr,,,,,,,,,,,2016-08-27,,,,,,,,,,
873,comment lire une carte meteo marine,fr,,,,,,,,,,,2016-11-20,,,,,,,,,,
874,premiere carte marine,fr,,,,,,,,,,,2015-09-15,,,,,,,,,,
875,carte marine quiberon belle-ile,fr,,,,,,,,,,,2017-04-11,,,,,,,,,,
876,carte sd marine lowrance,fr,,,,,,,,,,,2017-01-22,,,,,,,,,,
877,carte marine bayonne,fr,,,,,,,,,,,2016-05-06,,,,,,,,,,
878,carte marine ancienne manche,fr,,,,,,,,,,,2016-04-05,,,,,,,,,,
879,carte marine telechargement,fr,,,,,,,,,,,2017-10-05,,,,,,,,,,
880,carte marine cap vert,fr,,,,,,,,,,,2016-07-03,,,,,,,,,,
881,chiffre souligné carte marine,fr,,,,,,,,,,,2016-11-30,,,,,,,,,,
882,itineraire carte marine,fr,,,,,,,,,,,2016-02-07,,,,,,,,,,
883,restaurant la marine trouville carte,fr,,,,,,,,,,,2016-02-20,,,,,,,,,,
884,comparatif carte marine electronique,fr,,,,,,,,,,,2016-01-11,,,,,,,,,,
885,carte de navigation marine gratuite,fr,,,,,,,,,,,2015-10-05,,,,,,,,,,"Informational,Non-branded,Non-local"
886,carte marine loisir reduction,fr,,,,,,,,,,,2017-07-19,,,,,,,,,,
887,carte marine cap d'erquy,fr,,,,,,,,,,,2016-11-09,,,,,,,,,,
888,taverne de la marine carte,fr,,,,,,,,,,,2015-09-03,,,,,,,,,,
889,macron carte pokemon marine le pen,fr,,,,,,,,,,,2024-06-18,,,,,,,,,,
890,carte marine damgan,fr,,,,,,,,,,,2015-10-17,,,,,,,,,,
891,photo carte marine ancienne,fr,,,,,,,,,,,2016-03-14,,,,,,,,,,
892,profondeur carte marine gratuite pdf,fr,,,,,,,,,,,2025-07-13,,,,,,,,,,
893,carte electronique marine gratuite,fr,,,,,,,,,,,2015-11-02,,,,,,,,,,
894,carte marine porto vecchio bonifacio,fr,,,,,,,,,,,2018-07-20,,,,,,,,,,
895,achat carte marine nantes,fr,,,,,,,,,,,2016-06-06,,,,,,,,,,
896,carte marine senegal,fr,,,,,,,,,,,2015-10-21,,,,,,,,,,
897,coordonnées gps sur carte marine,fr,,,,,,,,,,,2016-08-22,,,,,,,,,,
898,carte marine italie gratuite,fr,,,,,,,,,,,2016-04-22,,,,,,,,,,
899,carte marine port bou,fr,,,,,,,,,,,2016-01-13,,,,,,,,,,
900,carte marine cm93 2011,fr,,,,,,,,,,,2016-02-21,,,,,,,,,,
901,carte marine aber ildut,fr,,,,,,,,,,,2017-04-02,,,,,,,,,,
902,la carte marine crozon,fr,,,,,,,,,,,2015-11-02,,,,,,,,,,
903,carte chasse sous-marine morbihan,fr,,,,,,,,,,,2021-06-11,,,,,,,,,,
904,logiciel de carte marine gratuit,fr,,,,,,,,,,,2015-09-20,,,,,,,,,,
905,carte marine cm93 telecharger,fr,,,,,,,,,,,2018-08-07,,,,,,,,,,
906,carte marine telecharger,fr,,,,,,,,,,,2016-04-17,,,,,,,,,,
907,carte marine iles canaries,fr,,,,,,,,,,,2016-12-04,,,,,,,,,,
908,carte marine golfe du lion gratuite,fr,,,,,,,,,,,2016-05-03,,,,,,,,,,
909,carte marine paimpol gratuite,fr,,,,,,,,,,,2016-08-03,,,,,,,,,,
910,carte marine charente maritime gratuite,fr,,,,,,,,,,,2016-04-12,,,,,,,,,,
911,carte marine de saint malo,fr,,,,,,,,,,,2016-05-03,,,,,,,,,,
912,carte marine baleares gratuite,fr,,,,,,,,,,,2016-05-29,,,,,,,,,,
913,abreviation carte marine,fr,,,,,,,,,,,2016-05-16,,,,,,,,,,
914,carte marine 7031,fr,,,,,,,,,,,2018-04-30,,,,,,,,,,
915,lire sonde carte marine,fr,,,,,,,,,,,2019-08-07,,,,,,,,,,
916,carte marine vendée,fr,,,0.10,,,,,,,,2015-10-25,,,,,,,,,,"Informational,Non-branded,Local"
917,carte marine adriatique,fr,,,,,,,,,,,2015-12-06,,,,,,,,,,
918,carte chasse sous marine marseille,fr,,,,,,,,,,,2015-11-15,,,,,,,,,,
919,carte marine grand léjon,fr,,,,,,,,,,,2017-03-27,,,,,,,,,,
920,carte marine des seychelles,fr,,,,,,,,,,,2016-12-17,,,,,,,,,,
921,dessiner carte marine,fr,,,,,,,,,,,2016-07-18,,,,,,,,,,
922,carte marine polynésie,fr,,,,,,,,,,,2015-11-12,,,,,,,,,,
923,carte marine jeppesen,fr,,,,,,,,,,,2017-09-22,,,,,,,,,,
924,carte marine ancienne baie de morlaix,fr,,,,,,,,,,,2016-03-03,,,,,,,,,,
925,carte marine baie st brieuc,fr,,,,,,,,,,,2015-09-12,,,,,,,,,,
926,carte marine lac de sanguinet,fr,,,,,,,,,,,2016-03-01,,,,,,,,,,
927,carte de sejour marine le pen,fr,,,,,,,,,,,2017-04-24,,,,,,,,,,
928,carte marine antique,fr,,,,,,,,,,,2015-12-03,,,,,,,,,,
929,carte marine croisic,fr,,,,,,,,,,,2016-07-23,,,,,,,,,,
930,carte marine montpellier,fr,,,,,,,,,,,2019-07-07,,,,,,,,,,
931,gps lecteur de carte marine portable,fr,,,,,,,,,,,2017-05-11,,,,,,,,,,
932,carte marine bretagne shom,fr,,,,,,,,,,,2018-06-11,,,,,,,,,,
933,rocher carte marine,fr,,,,,,,,,,,2016-10-04,,,,,,,,,,
934,carte marine golfe saint tropez,fr,,,,,,,,,,,2016-08-23,,,,,,,,,,
935,carte marine loisir utilisqble apres divorce ?,fr,,,,,,,,,,,2017-04-03,,,,,,,,,,
936,carte marine singapore,fr,,,,,,,,,,,2016-01-21,,,,,,,,,,
937,carte marine ouest,fr,,,,,,,,,,,2016-07-23,,,,,,,,,,
938,carte marine corse sud gratuite,fr,,,,,,,,,,,2016-02-15,,,,,,,,,,
939,carte marine gijon,fr,,,,,,,,,,,2019-07-08,,,,,,,,,,
940,carte marine martinique partie sud,fr,,,,,,,,,,,2016-11-05,,,,,,,,,,
941,carte marine sur ordinateur,fr,,,,,,,,,,,2017-06-07,,,,,,,,,,
942,carte marine magnetique,fr,,,,,,,,,,,2017-04-22,,,,,,,,,,
943,carte marine les sept iles,fr,,,,,,,,,,,2016-08-03,,,,,,,,,,
944,carte marine gratuite marseille,fr,,,,,,,,,,,2016-04-26,,,,,,,,,,
945,carte le cap marine,fr,,,,,,,,,,,2016-07-15,,,,,,,,,,
946,carte marine acores,fr,,,,,,,,,,,2017-03-24,,,,,,,,,,
947,carte marine la bernerie en retz,fr,,,,,,,,,,,2016-02-12,,,,,,,,,,
948,carte marine presqu'île de giens,fr,,,,,,,,,,,2017-08-13,,,,,,,,,,
949,carte submersion marine pas de calais,fr,,,,,,,,,,,2016-08-10,,,,,,,,,,
950,carte marine basse normandie,fr,,,,,,,,,,,2017-06-27,,,,,,,,,,
951,carte marine cancale gratuite,fr,,,,,,,,,,,2017-09-01,,,,,,,,,,
952,carte marine de l'aber wrac'h,fr,,,,,,,,,,,2019-02-22,,,,,,,,,,
953,carte marine la seyne sur mer,fr,,,,,,,,,,,2016-11-12,,,,,,,,,,
954,carte marine g,fr,,,,,,,,,,,2016-06-11,,,,,,,,,,
955,meilleur application carte marine,fr,,,,,,,,,,,2016-04-24,,,,,,,,,,
956,carte marine lowrance torrent,fr,,,,,,,,,,,2016-01-08,,,,,,,,,,
957,carte gps marine lowrance,fr,,,,,,,,,,,2016-06-11,,,,,,,,,,
958,carte marine pas de calais,fr,,,,,,,,,,,2015-09-21,,,,,,,,,,
959,geoportail carte marine gratuite,fr,,,,,,,,,,,2015-09-13,,,,,,,,,,
960,carte marine glénans,fr,,,,,,,,,,,2016-05-14,,,,,,,,,,
961,carte des bases de la marine nationale,fr,,,,,,,,,,,2015-09-09,,,,,,,,,,
962,la marine valras carte,fr,,,,,,,,,,,2019-02-13,,,,,,,,,,
963,guernesey carte marine,fr,,,,,,,,,,,2016-02-08,,,,,,,,,,
964,cours carte marine pdf,fr,,,,,,,,,,,2015-11-05,,,,,,,,,,
965,quai marine cnit carte,fr,,,,,,,,,,,2015-11-09,,,,,,,,,,
966,dk bus marine carte pass pass,fr,,,,,,,,,,,2016-09-06,,,,,,,,,,
967,carte marine les sables,fr,,,,,,,,,,,2016-09-11,,,,,,,,,,
968,carte marine cap gris nez,fr,,,,,,,,,,,2017-08-31,,,,,,,,,,
969,synonyme de carte marine,fr,,,,,,,,,,,2016-02-13,,,,,,,,,,
970,geo portail carte marine,fr,,,,,,,,,,,2017-04-27,,,,,,,,,,
971,carte alea submersion marine,fr,,,,,,,,,,,2016-06-24,,,,,,,,,,
972,carte marine smartphone,fr,,,,,,,,,,,2016-01-08,,,,,,,,,,
973,la marine porto vecchio carte,fr,,,,,,,,,,,2016-01-26,,,,,,,,,,
974,carte sd gps garmin marine,fr,,,,,,,,,,,2017-01-06,,,,,,,,,,
975,sonde decouvrante carte marine,fr,,,,,,,,,,,2016-04-29,,,,,,,,,,
976,carte marine ipad,fr,,,,,,,,,,,2015-09-09,,,,,,,,,,"Informational,Branded,Non-local"
977,carte marine lac d'annecy,fr,,,,,,,,,,,2016-03-11,,,,,,,,,,
978,carte marine scandola,fr,,,,,,,,,,,2016-04-05,,,,,,,,,,
979,interpretation carte marine,fr,,,,,,,,,,,2015-09-24,,,,,,,,,,
980,carte submersion marine vendée,fr,,,,,,,,,,,2016-01-17,,,,,,,,,,
981,explication sonde carte marine,fr,,,,,,,,,,,2017-09-17,,,,,,,,,,
982,carte marine a telecharger,fr,,,,,,,,,,,2015-09-03,,,,,,,,,,
983,carte marine belize,fr,,,,,,,,,,,2016-10-01,,,,,,,,,,
984,ile de re carte marine,fr,,,,,,,,,,,2016-10-03,,,,,,,,,,
985,carte marine noirmoutier yeu,fr,,,,,,,,,,,2016-08-22,,,,,,,,,,
986,porte carte marine nationale,fr,,,,,,,,,,,2017-03-14,,,,,,,,,,
987,brise marine restaurant carte,fr,,,,,,,,,,,2022-08-04,,,,,,,,,,
988,carte marine les issambres,fr,,,,,,,,,,,2017-04-17,,,,,,,,,,
989,carte marine lazaro luis,fr,,,,,,,,,,,2016-09-21,,,,,,,,,,
990,carte marine la vilaine,fr,,,,,,,,,,,2015-11-03,,,,,,,,,,
991,carte marine st cyprien,fr,,,,,,,,,,,2017-07-17,,,,,,,,,,
992,carte marine temps réel,fr,,,,,,,,,,,2018-01-28,,,,,,,,,,
993,achat carte marine shom,fr,,,,,,,,,,,2015-10-25,,,,,,,,,,
994,gps traceur carte marine,fr,,,,,,,,,,,2016-01-05,,,,,,,,,,
995,carte marine sur android,fr,,,,,,,,,,,2015-11-29,,,,,,,,,,
996,zero carte marine,fr,,,,,,,,,,,2015-10-13,,,,,,,,,,
997,tracer une carte marine,fr,,,,,,,,,,,2016-09-25,,,,,,,,,,
998,carte marine 7155,fr,,,,,,,,,,,2015-11-21,,,,,,,,,,
999,carte marine port barcares,fr,,,,,,,,,,,2016-08-18,,,,,,,,,,
1000,carte marine port bourgenay,fr,,,,,,,,,,,2016-01-11,,,,,,,,,,
